,Players,AgeScore,PlayingTimeMPScore,PlayingTimeStartsScore,PlayingTimeMinScore,PlayingTime90sScore,PerformanceGAScore,PerformanceGA90Score,PerformanceSoTAScore,PerformanceSavesScore,PerformanceSavepercentageScore,WScore,DScore,LScore,PerformanceCSScore,PerformanceCSpercentageScore,PerformancePKattScore,PenaltyKicksPKAScore,PenaltyKicksPKsvScore,PenaltyKicksPKmScore,PenaltyKicksSavepercentageScore,TotalScore
0,S. Kiconco,1.4180425412280293,1.193221529603446,1.1924748096349618,1.2039113406002382,1.2090872998376927,-0.45650146745061393,-0.21746731296061406,-0.1900560379037491,0.03132934572747926,0.1594415003447805,0.40058047355181725,0.20967187226711503,-0.38488439262547125,0.48775465565944703,0.3111038499807467,-0.06398737256529864,-0.41263525971025194,0.8654442079233198,0.8467509205077163,1.3651578235729485,18.336880654447477
1,R. Chee,1.0137206103501264,-1.0245901283684755,-0.9944223488942938,-1.0046444857714334,-1.001222181987982,-0.846954138970968,-0.5591723259601066,-0.7397095042744891,-0.5816922851050541,-0.024329822310735397,1.2630363626030736,-0.8376804195570903,-0.38488439262547125,0.8972520053150072,0.5491766316501059,-0.4193347231221034,-0.25384130222693574,-0.41010863705843775,-0.7304806448559105,,-12.17976346234235
2,Z. Marini,0.002915783155369436,-1.0183622641183203,-0.9957947349366717,-1.0046291483119192,-1.0026023315239332,-1.2952516507165601,-1.1571560987092184,-0.6746189622042698,-0.002260880619508882,1.463949611895799,0.2880862271538274,0.4610364223049243,0.12479425736333,0.23181881212472205,0.5559489427260397,0.09753415041506709,0.6195254639313034,0.22766778543244096,-0.3098855607589433,-0.8046499756248496,-58.6870781142992
3,P. Robinson,-1.210050009478339,0.6437855057564241,0.6407756205990278,0.6518241479331804,0.6459862891696471,-0.601113568013708,-0.7869756679597684,-0.5299733131593384,-0.37175337043637846,0.2915690571445494,-0.08689459417280586,0.29346005561305155,0.12479425736333,1.0508135114358421,0.7476574408755454,-0.5808562461024691,-0.3332382809685938,0.30738983824380084,0.7416021494834744,-0.8078990015283153,0.8309038217981567
4,A. Soong,-1.210050009478339,1.4063528839420891,1.4065670322459216,1.4109287003908713,1.40782883301465,0.13640814485807243,0.12423770003887841,1.003270566716936,0.9214703439226639,0.25065646341467174,-0.5743696618974289,-1.1309390612678678,1.071340321628247,-0.38242721235861804,-0.49636400907287836,-0.2255088955456644,-0.01565036600196144,-0.33038658424707795,0.3210070653865073,-0.8008594454041397,8.587025620571069
5,G. Mwebaze,0.20507674859432085,0.5738950291713494,0.5790182486920205,0.5482962962134715,0.5473055973491436,-0.38419541716906674,-0.3598444017104027,-0.44318592373237936,-0.3381631440893903,0.0065222975511391714,0.21309006288850071,0.8380832473616383,-0.676129335476215,1.0508135114358421,0.6189835304328065,0.0006212366268476302,-0.37293677033942285,0.22766778543244096,-0.09958801871045979,-0.8019424540386282,3.866776252967114
6,P. Kabugo,-1.0078890440393875,-0.3243013926843617,-0.3795934019089744,-0.3490294413846663,-0.34703130194716425,-0.6300359881263268,-0.6588362880849586,-0.016481259049831422,0.3588340526106131,0.600760954021166,1.56302101966438,-0.16737495278959885,-0.9309686604706158,0.2830059808316671,0.5496975786559468,-0.7100734644867618,-0.6111277065643972,0.30738983824380084,0.3210070653865073,,-4.298052824245927
7,E. Wibowo,0.002915783155369436,-1.1567592474551016,-1.1350919182380332,-1.1426816213977118,-1.1426875094229691,-0.7457256685768022,-0.815451085709726,-2.1933982771760507,-2.3451791683219296,-4.492521616219674,-0.9118524010913986,3.2260464727208267,-1.440647310459417,-0.8942988994280682,-1.1866187918122677,-0.3870304185260302,-0.6111277065643972,0.22766778543244096,0.3210070653865073,,-235.52808347186198
8,R. Wanyama,2.0245254375448836,-1.1567592474551016,-1.1330333391744662,-1.1426432777489268,-1.1392371355830913,2.320050863360794,2.1459923602858755,-0.7180126569177492,-2.1940231497604836,-4.493863012735408,-1.3618293866833584,3.0165760143559854,-1.1858079854650165,-1.4573577552044634,-1.181409321753857,-0.5162476369103227,-0.29353979159776483,0.14794573262108116,0.11070952333802374,,-16.41592753096673
9,J. Nkrumah,-0.6035671131614848,-0.7443362371114932,-0.787878249516413,-0.7630871671552029,-0.7652166113403454,-0.44204025739430447,-0.4595083638352548,-0.41425679392339304,-0.27098269139541403,0.08432329546369421,0.21309006288850071,-0.04169267777069423,-0.13004506763107074,0.6413161617802822,0.5496975786559468,-0.32242180933388387,0.2622390595938419,0.38711189105516064,0.7416021494834744,-0.809523514480048,-7.350352710256202
10,S. Tamale,-0.19924518228358196,1.4008170046086181,1.3962741369280867,1.4110207251479552,1.4140395059264297,-0.29742815683121016,-0.5022214904601914,0.41022340563271653,0.6863387594937473,0.6544168146505146,0.06309773435784753,-0.4187395028274081,0.34322796450138776,0.6413161617802822,0.8747685103007612,-0.03168306796922546,-0.01565036600196144,-0.011498373001638564,0.531304607434991,0.09587170395237485,16.89250179068099
11,Z. Marini,0.002915783155369436,-1.0183622641183203,-0.9957947349366717,-1.0046291483119192,-1.0026023315239332,-1.2952516507165601,-1.1571560987092184,-0.6746189622042698,-0.002260880619508882,1.463949611895799,0.2880862271538274,0.4610364223049243,0.12479425736333,0.23181881212472205,0.5559489427260397,0.09753415041506709,0.6195254639313034,0.22766778543244096,-0.3098855607589433,-0.8046499756248496,-58.6870781142992
12,X. Adikini,-0.6035671131614848,-1.1636790966219406,-1.2085145715052532,-1.1995069088971964,-1.2047942385407682,-2.220769094320363,-2.1537957199577384,4.337352777202607,6.186738323813051,2.2111074711594676,-1.3618293866833584,-1.4660917946516134,-1.6226753997411318,-0.7407373933072331,,-0.4516390277181765,-1.0081126002726877,-0.9681630067379566,-1.2562244999771193,,-11.789802559837788
13,V. Kumwenda,0.002915783155369436,1.194605499436814,1.2000229328680405,1.1894021038999651,1.1835545334225976,-0.7312644585204928,-0.6018854525850431,-0.4576504886368725,-0.21219979528818458,0.14602753518744335,0.6255689663477971,0.00020141390227402446,-0.09363944977472775,0.48775465565944703,0.4569690116162403,-0.2255088955456644,-0.452333749081081,0.6262780494892403,0.6364533784592327,1.907203645134465,13.764950438293718
14,U. Nakazibwe,-0.19924518228358196,1.0513646216832453,1.057980977481923,1.065904879892988,1.0710723462425833,-0.7891092987457305,-0.7157871235848741,-0.5589024429683247,-0.2625851348086668,0.519606464819278,0.8880555412764406,0.3353541472860198,-0.8945630426142728,0.538941824366392,0.3954972649269966,0.03292554122292081,-0.13474583411444857,0.7060001023006,0.3210070653865073,0.2756511372774732,9.408847710086937
15,F. Walker,1.0137206103501264,-1.0238981434517915,-0.9930499628519158,-1.0046751606904614,-1.0019122567559577,2.160977552741391,2.188705486910812,1.7192665294893472,0.5939656370395301,-0.9686729693872567,-0.04939651204014251,0.08398959724821052,-0.49410124619450024,0.43656748695250197,0.5575117837435628,-0.8069863782749812,-0.8890171321602005,-0.5695527426811574,-0.09958801871045979,,1.7077083225533127
16,P. Tetteh,-1.4122109749172904,-1.0889447256200788,-1.061669264970813,-1.0736553848548156,-1.071609808321488,-1.3097128607728696,-1.3707217318339013,-0.4214890763756394,0.3084487130901309,1.2513382641520083,0.5130747199498072,-1.424197702978645,0.5252560537831027,1.8698082107469622,1.4285351775097959,-0.9685079012553469,-0.9287156215310296,0.06822367980972129,-0.8356294158801522,,-7.002379650270543
17,H. Ochan,-1.6143719403562418,-1.1519153530383144,-1.2071421854628754,-1.1748596114581489,-1.1730507992138932,-2.2641527244892914,-2.1537957199577384,1.4227429489472376,2.819318132527492,2.213119565933068,-1.0243466474893888,-0.9633626945759949,-1.6954866354538178,-1.4061705864975185,,-0.6454648552946154,-0.6111277065643972,0.46683394386652044,0.005560752313781983,,-10.157672116264136
18,X. Neri,-0.40140614772253336,0.9191955025966191,0.9173114081381839,0.8910808476223061,0.8985536542486967,-0.3408117870001385,-0.3598444017104027,0.14986123735184015,0.24966581698290183,0.2680946181192101,0.6630670484804605,-0.6701040528652175,0.19760549307601596,0.8972520053150072,0.5012495071127293,-0.06398737256529864,-0.5714292171935682,-0.5695527426811574,0.531304607434991,-0.7997764367696512,6.6146591759419895
19,M. Ngamita,0.40723771403327225,-0.7394923426947059,-0.7316104217789172,-0.7286238956271752,-0.7334731720134702,-0.1672772663244253,-0.21746731296061406,-0.07433951866780376,-0.09463400307372646,0.22114574006853058,-0.23688692270345904,0.9218714307075746,-0.5669124819071861,0.8460648366080621,0.3038105918989722,-0.2901175047378107,0.024048123368867642,0.06822367980972129,0.11070952333802374,-0.8068159928938267,-4.969078391100192
20,Q. Musimenta,1.0137206103501264,1.3309265280235436,1.3276548348091892,1.3419024638479746,1.3436518795929244,0.22317540519592868,0.19542624441377243,0.3234360162057582,0.0817146852479611,-0.22688069618652357,-0.2743850048361224,-0.4187395028274081,0.5616616716394457,0.180631643417777,-0.060331365183920814,-0.3870304185260302,-0.29353979159776483,-0.7289968483038771,0.11070952333802374,0.5485693131685863,12.386554383578726
21,C. Leroy,-0.19924518228358196,-1.1505313832049464,-1.1309747601108995,-1.142773646154796,-1.1364768365111892,0.6570117068852113,0.6510329284130958,0.6416564441046072,0.20767803404916682,-0.47369765508152345,2.80045773004227,-0.8376804195570903,-1.3314304568903883,-1.5597320926183533,-1.1777626927129698,-0.4516390277181765,-0.3332382809685938,-0.7289968483038771,-0.6253318738316687,,-7.321674312453704
22,S. Zandamela,1.0137206103501264,1.4001250196919344,1.4024498741187876,1.4109900502289272,1.4174898797663078,-0.2540445266622819,-0.10356564196078345,-0.3419339694009272,-0.3381631440893903,-0.09072894983955296,0.47557663781714393,-0.209269044462567,-0.49410124619450024,0.48775465565944703,0.32464847213261405,-0.548551941506396,-0.01565036600196144,-0.4898306898697976,-0.7304806448559105,-0.8030254626731168,7.026819144496207
23,M. Janssens,0.6093986794722237,-0.32291742285099384,-0.3102879067688882,-0.3144664763697976,-0.31252756354838696,-0.13835484621180677,-0.07509022421082573,0.35959742846699094,0.48479740141181843,0.1688312759549164,0.25058814502116405,0.8799773390346066,-0.3484787747691285,-0.4336143810655631,0.020936367727282686,-0.2255088955456644,-0.37293677033942285,0.22766778543244096,0.7416021494834744,-0.8051914799420938,0.16804366076469246
24,P. Johansson,0.20507674859432085,0.503312567669591,0.5090265605307452,0.5136719813605466,0.5065911860385864,0.3244038755900947,0.2523770799136879,0.5187076424164154,0.45120717506483066,-0.02097633102140135,-0.2743850048361224,-0.4187395028274081,0.9257178502028752,-0.075304200116948,-0.3515407414490669,0.03292554122292081,-0.29353979159776483,0.5465559966778804,0.005560752313781983,0.5491108174858306,4.409760203233397
25,W. Nasiru,1.0137206103501264,1.3994330347752506,1.3962741369280867,1.4109287003908713,1.406448683478699,-0.4998850976195422,-0.4025575283353393,-0.24791429752172175,0.21607559063591367,0.5833227993166287,0.7755612948784505,-0.209269044462567,-0.42129001048181425,0.5901289930733371,0.46895079275058443,-0.06398737256529864,0.22254057022301285,0.30738983824380084,0.21585829436226553,-0.8019424540386282,14.71957506876423
26,F. Ribeiro,0.40723771403327225,0.8548409053450156,0.8541816501887985,0.8588491764535702,0.8523186447943353,0.7003953370541396,0.5086558396633075,0.4319202529894564,0.24126826039615495,-0.2107839379977191,0.13809389862317403,0.12588368892117877,0.19760549307601596,-0.38242721235861804,0.03396004287330889,0.16214275960721344,0.14314359148135478,0.38711189105516064,0.11070952333802374,-0.8041084713076053,11.221998096459078
27,S. Aslan,0.811559644911175,-0.6709858359429991,-0.6575015754905082,-0.65954397797598,-0.6596351718400867,-0.29742815683121016,-0.23170502183559294,-0.3925599465666531,-0.25418757822191995,0.05749536514901993,0.5880708842151338,-0.9633626945759949,0.161199875219673,0.538941824366392,0.11731156380787673,0.48518580556794494,0.6592239533021325,0.8654442079233198,-1.1510757289528775,1.0023499310192865,-0.6512026327518687
28,N. Kyohirwe,-0.19924518228358196,1.268647885521992,1.2665836559233712,1.2729299084133774,1.2739543280273944,-0.09497121604287848,-0.331368983960445,0.2728100390400319,0.4428096184780835,0.41028264878698206,-0.8743543189587354,0.5448246056508608,0.3796335823577307,0.5901289930733371,0.1214791398546052,-0.3870304185260302,0.06374661273969662,-0.1709424786243582,-0.5201831028074269,-0.7997764367696512,13.589876639683066
29,E. binti Ismail,-1.0078890440393875,-1.093788620036866,-1.0678450021615138,-1.0736323786655446,-1.071609808321488,1.4668394700385388,1.519533169786806,0.019680153211401336,-0.5061142758243307,-1.1363475338539686,-0.9868485653567254,-0.8795745112300585,2.3091313287439075,-0.6383630558933432,-1.1824512157655391,0.8405331561247497,1.4134952513478845,-0.7289968483038771,-0.4150343317831851,-0.8014009497213839,-5.020683611703923
30,Y. Kyosiimire,-0.40140614772253336,-0.5291289280227981,-0.6526982243421854,-0.5906251036496819,-0.5975284427222876,-0.5866523579573985,-0.6445985792099798,-0.030945823954324266,0.28325604332988996,0.5397274125552831,1.1505421162050835,-0.6701040528652175,-0.38488439262547125,2.1769312229886326,2.073988517746855,-0.9685079012553469,-0.49203223845191,-0.808718901115237,-0.940778186904394,,-4.1483279359460425
31,X. Driscoll,-1.6143719403562418,-1.153991307788366,-1.1337195321956552,-1.1426356090191698,-1.1454478084948712,-0.601113568013708,-0.6303608703350009,-0.7686386340834751,-0.5145118324110779,-0.028354011857936633,-1.1368408938873786,-0.6282099611922491,1.9450751501804782,-1.6109192613252983,-1.1824512157655391,-0.6454648552946154,-0.9684141109018586,-1.0478850595493165,0.42615583641074906,,-27.16419897176107
32,P. Addae,1.0137206103501264,0.7821824890932055,0.787620927133468,0.7207353535297213,0.7198242893430302,-1.367557700998107,-1.214106934209134,-0.6239929850385438,-0.08623644648697924,0.9314151951495224,1.4130286911337266,-0.7538922362111538,-0.8217518069015869,1.2555621862636224,1.5124076454502047,-0.7746820736789081,-0.13474583411444857,-0.4898306898697976,-1.2562244999771193,1.9034131149137552,7.033778589749209
33,F. Kimera,-1.0078890440393875,1.200833363686969,1.2000229328680405,1.2038883344109674,1.1966659540141327,0.4256323459842607,0.451705004163392,0.3162037337535111,0.30005115650338404,-0.06591311429848025,-0.16189075843813236,-0.16737495278959885,0.6708785252084742,-0.2800528749447281,-0.2916318357773464,0.19444706420328664,0.6195254639313034,-0.5695527426811574,0.951899691531958,-0.2041216878009519,11.966653118979796
34,T. Okello,-1.210050009478339,-1.0162863093682686,-1.0012842791061836,-1.0047211730690033,-1.0032924062919089,-0.1528160562681162,-0.2459427307105718,-0.4576504886368725,-0.37175337043637846,0.19901269755892473,-0.23688692270345904,0.12588368892117877,0.12479425736333,0.9484391740219522,0.5564698897318806,0.5174901101640181,0.7783194214146195,0.22766778543244096,-1.0459269579286357,-0.8084405058455595,-5.07697418523495
35,V. Bwambale,1.0137206103501264,1.401508989525302,1.4093118043306774,1.4110360626074692,1.4085189077826255,-0.03712637581764075,0.12423770003887841,-0.07433951866780376,-0.16181445576770276,-0.053169847399010296,-0.1993888405707957,-0.7119981445381856,0.3796335823577307,0.692503330487227,0.7346337657295192,-0.1609002863535181,0.14314359148135478,-0.1709424786243582,-0.7304806448559105,-0.12885258770399807,12.578470328783975
36,U. Yamasaki,-1.0078890440393875,-0.6792896549432059,-0.662304926638831,-0.6596436714628211,-0.665155769983891,0.3099426655337853,0.3235656242885822,-0.13219777828577645,-0.1954046821146905,-0.5971061345290232,-0.2743850048361224,-1.172833152940836,1.5082077359043626,0.180631643417777,0.12356292787796937,-0.2578132001417376,0.14314359148135478,-0.6492747954925172,0.11070952333802374,-0.8051914799420938,-5.058725583509078
37,S. binti Othman,1.822364472105932,0.4285781966677291,0.43491771424233605,0.44468408846643537,0.44724475599268954,-0.42757904733799507,-0.27441814846052953,-0.1683591905470095,-0.08623644648697924,0.14200334564024306,-0.31188308696878575,0.37724823895898807,-0.09363944977472775,0.8972520053150072,0.5543861017085164,-0.06398737256529864,0.14314359148135478,-0.5695527426811574,0.42615583641074906,0.5436957743133878,4.666018636480885
38,T. Bukar,0.002915783155369436,-0.8156106835299355,-0.7995435308766256,-0.7976731383593427,-0.8031707235790003,1.1197704286871124,0.9357871059126729,0.1136998250906074,-0.32976558750264306,-0.7399648634546618,-0.8368562368260721,0.1677777805941468,0.4888504359267597,-0.7919245620141782,-1.181409321753857,0.711315937740457,0.3813345277063291,0.38711189105516064,0.6364533784592327,-0.8008594454041397,-5.903521997945217
39,A. Lamunu,-1.6143719403562418,-1.0827168613699236,-1.1337195321956552,-1.108157000031628,-1.1095639205601429,-1.0638722898156094,-1.1571560987092184,-0.44318592373237936,0.5939656370395301,2.215802358964535,-1.3993274688160218,-1.005256786248963,1.034934703771904,-1.2526090803766832,-1.178804586724652,1.2927934204697737,1.6913846769436875,-0.011498373001638564,0.6364533784592327,-0.8078990015283153,-6.902804687818411
40,K. Adero,-0.8057280786004362,1.3316185129402274,1.337261537105835,1.3075158796175175,1.3125985150340245,-0.26850573671859135,-0.11780335083576232,0.22218406187430567,0.25806337356964865,0.2841913763080141,-0.5743696618974289,0.29346005561305155,0.12479425736333,-0.024117031410003077,0.22202191198192756,-0.06398737256529864,-0.5317307278227391,0.6262780494892403,-0.09958801871045979,1.0028914353365306,11.674097975345866
41,J. Ogawa,1.215881575789078,1.3323104978569111,1.3358891510634572,1.3288886294503195,1.3319206085373398,-0.2540445266622819,-0.003901679835931391,-0.41425679392339304,-0.23739246504842587,0.06353164946982179,0.25058814502116405,0.08398959724821052,-0.09363944977472775,-0.33124004365167314,-0.05876852416639761,0.3236642825875792,0.8180179107854486,-0.2506645314357181,-0.8356294158801522,-0.3080905167118521,5.297054100718776
42,A. Chipeta,-1.210050009478339,-1.0252821132851593,-1.1419538484499228,-1.1296294433512715,-1.1275058645275071,1.365610999644373,1.6049594230366793,0.6922824212703335,-0.10303155966047331,-0.026341917084336017,-1.0618447296220521,-0.7119981445381856,1.9814807680368212,-1.4573577552044634,-1.1767207987012878,2.2296182537558953,2.2868620175061234,0.06822367980972129,0.11070952333802374,-0.8003179410868954,-0.6322870385919221
43,A. Suboti?,0.6093986794722237,-0.19490021326447107,-0.17442168857347157,-0.1765060280410891,-0.17589275948922875,0.20871419513961925,0.26661478878866673,-0.41425679392339304,-0.4893191626508366,-0.2885849359102737,0.25058814502116405,0.6286127889967973,0.12479425736333,-0.7407373933072331,-0.49219643302614996,0.6144030239522377,1.17530431512291,-0.5695527426811574,0.11070952333802374,-0.809523514480048,-0.5367519481523798
44,T. Bonabana,-0.40140614772253336,0.37183543349964876,0.37590511442008445,0.3756961955723241,0.3803075034990616,0.469015976153189,0.5228935485382864,0.48254623015518266,0.3084487130901309,-0.2691346864321347,-0.31188308696878575,0.08398959724821052,0.4524448180704167,0.027070137296941976,-0.5015734791312888,0.19444706420328664,-0.17444432348527766,-0.7289968483038771,-0.5201831028074269,0.27619264159471735,1.413171298490156
45,E. Wibowo,0.002915783155369436,-1.1567592474551016,-1.1350919182380332,-1.1426816213977118,-1.1426875094229691,-0.7457256685768022,-0.815451085709726,-2.1933982771760507,-2.3451791683219296,-4.492521616219674,-0.9118524010913986,3.2260464727208267,-1.440647310459417,-0.8942988994280682,-1.1866187918122677,-0.3870304185260302,-0.6111277065643972,0.22766778543244096,0.3210070653865073,,-235.52808347186198
46,V. Arnold,-0.40140614772253336,-0.8737374165313837,-0.8599285167412551,-0.8665920126856408,-0.8707980508406038,0.758240177279377,0.6795083461630536,0.5693336195821417,0.7535192121877236,0.25065646341467174,-1.0243466474893888,-0.16737495278959885,1.2897740287663046,-0.7407373933072331,-1.180367427742175,1.4220106388540665,1.7707816556853457,-0.0912204258129984,-0.6253318738316687,-0.8073574972110709,-14.215239090820123
47,B. Ochieng,1.6202035066669807,-0.19559219818115495,-0.18196981180655022,-0.17642934074351904,-0.18210343240100865,-0.774648088689421,-0.7442625413348318,-0.34916625185317396,0.022931789140732038,0.46729200070566373,1.0380478698070936,-0.04169267777069423,-1.2222136033213595,0.2830059808316671,0.5543861017085164,-0.7423777690828348,-0.7302231746768842,-0.4898306898697976,-0.6253318738316687,,-4.93994840940449
48,H. Kamal,1.215881575789078,0.7745706550096826,0.7793866108792006,0.7898076024511598,0.7936622895164137,0.03517967446390641,-0.16051647746069891,-0.48657961844585884,-0.4305362665436075,-0.3368752104766866,-0.2743850048361224,0.08398959724821052,0.30682234664504476,0.48775465565944703,0.431442608330029,-0.03168306796922546,-0.17444432348527766,0.22766778543244096,-0.5201831028074269,-0.8089820101628038,5.4039606384738095
49,I. Sano,-2.0186938712341447,-1.1546832927050499,-1.1344057252168442,-1.142781314884553,-1.1406172851190424,3.578176138259714,3.427386159033972,0.026912435663648402,-2.2696011590412066,-4.497887202282609,-1.174338976020042,-0.8376804195570903,2.4183481823129367,-0.9966732368419583,-1.178283639718811,2.5203569951205536,-0.9287156215310296,-0.1709424786243582,10.730735396786443,,8.113222168801057
50,J. Lunkuse,-1.6143719403562418,-0.6709858359429991,-0.662304926638831,-0.6596360027330641,-0.6575649475361601,-0.7023420384078739,-0.6445985792099798,-0.7397095042744891,-0.41374115337011347,0.5397274125552831,1.0005497876744303,-0.2930572278085035,0.088388639506987,0.3341931495386122,0.7721419501500747,1.1635762020854812,-0.05534885537279052,0.22766778543244096,1.0570484625561998,1.0034329396537747,-0.9269346824977629
51,J. Chukwu,-0.40140614772253336,-0.8841171902816424,-0.9374683281356091,-0.9348513762528354,-0.9377353033342318,1.4957618901511576,1.5622462964117423,0.6633532914613471,0.4344120618913366,-0.13499503485876563,-1.5118217152140119,0.12588368892117877,1.1805571751972757,-1.4061705864975185,-1.1834931097772212,2.0357924261794564,2.3265605068769526,0.22766778543244096,-0.09958801871045979,-0.8068159928938267,0.8137723188442328
52,R. Rizzi,0.811559644911175,1.124715022851739,1.131403630749143,1.1334050392142383,1.1345592248963337,-0.6155747780700174,-0.4167952372103182,-0.40702451147114627,-0.14501934259420868,0.49210783624673743,-0.2743850048361224,0.08398959724821052,0.19760549307601596,0.180631643417777,0.041774247960924736,0.291359977991506,0.2622390595938419,-0.1709424786243582,0.42615583641074906,-0.26152114542884475,10.040487512666752
53,V. Arnold,-0.40140614772253336,-0.8737374165313837,-0.8599285167412551,-0.8665920126856408,-0.8707980508406038,0.758240177279377,0.6795083461630536,0.5693336195821417,0.7535192121877236,0.25065646341467174,-1.0243466474893888,-0.16737495278959885,1.2897740287663046,-0.7407373933072331,-1.180367427742175,1.4220106388540665,1.7707816556853457,-0.0912204258129984,-0.6253318738316687,-0.8073574972110709,-14.215239090820123
54,Z. Lefevre,-1.4122109749172904,0.22928654066276377,0.24003889622466784,0.2375977101079895,0.23401165268824572,0.19425298508331015,-0.018139388710910257,0.34513286356249745,0.19928047746241961,0.04139860696021593,-0.5368715797647656,-0.12548086111663062,0.7072841430648172,-0.5359887184794532,-0.43801794441868097,-0.06398737256529864,0.14314359148135478,0.22766778543244096,0.11070952333802374,0.5458617915823648,0.32496972767808174
55,Y. Goh,-0.40140614772253336,-0.39834377876953964,-0.3809657879513523,-0.3834543692639088,-0.3801548908099904,1.4813006800948478,1.3059675366621233,0.8658572001242514,0.2244731472226609,-0.832521223040287,-0.6493658261627555,-0.04169267777069423,1.1805571751972757,0.43656748695250197,0.119916298837082,0.2267513687993598,-0.05534885537279052,1.1046103663573992,1.4776435466531668,1.9061206364999763,6.806511886536793
56,A. Mbusa,1.4180425412280293,1.3343864526069629,1.3269686417880004,1.3419791511455452,1.345722103896851,-0.28296694677490075,-0.26018043958555065,-0.3997922290188999,-0.2793802479821609,-0.01896423624780073,0.3630823914191539,-0.12548086111663062,-0.8217518069015869,0.3341931495386122,-0.05512189512551025,-0.2255088955456644,-0.5317307278227391,-0.1709424786243582,-0.6253318738316687,-0.8019424540386282,5.730558678014113
57,N. Tumwesigye,1.822364472105932,-1.1636790966219406,-1.135778111259222,-1.142773646154796,-1.1461378832628468,0.8305462275609244,0.836123143787821,0.764605245792799,-0.5564996153448128,-0.47302695682365675,-1.174338976020042,-1.1309390612678678,2.3455369466002507,-0.9966732368419583,-1.1819302687596982,-0.8069863782749812,-1.0478110896435167,-0.808718901115237,-1.1510757289528775,,-14.634385828991455
58,I. Kumari,-0.6035671131614848,1.3980490649418824,1.3976465229704647,1.410967044039656,1.4105891320865522,-1.2807904406602506,-1.214106934209134,-0.8843551533194205,-0.40534359678336623,0.8321518529852286,1.4130286911337266,0.08398959724821052,-1.0037798961833018,1.7674338733330728,1.696301938512095,-0.8392906828710543,-0.8890171321602005,-0.33038658424707795,-0.6253318738316687,1.9034131149137552,10.475202849475368
59,O. Burgos,-1.4122109749172904,1.3994330347752506,1.4017636810975986,1.4109747127694132,1.415419655462381,-0.09497121604287848,-0.04661480646086799,0.026912435663648402,0.2748584867431427,0.2929104536602838,-0.49937349763210226,0.2515659639400833,0.4524448180704167,-0.6895502246002883,-0.49219643302614996,0.6467073285483107,0.024048123368867642,0.7857221551119599,0.11070952333802374,0.10236975575930617,10.721845951258217
60,Q. Permana,0.20507674859432085,0.710908042674763,0.7162568529298149,0.7207736971785065,0.714303691199226,-0.7023420384078739,-0.6588362880849586,-1.303827535549722,-1.18631635935084,-0.386506881558833,0.8505574591437772,-0.6282099611922491,-0.6397237176198721,1.6650595359191827,1.2394314143894951,-0.09629167716137182,-0.05534885537279052,-0.0912204258129984,-0.4150343317831851,-0.7997764367696512,-0.2821341332705196
61,G. ?ahin,-1.6143719403562418,-1.1546832927050499,-1.141267655428734,-1.1426509464786838,-1.139927210351067,-0.7457256685768022,-0.8296887945847048,-1.4340086196901605,-1.4130503871930098,-1.1410424216590365,2.3129826623176464,-1.1309390612678678,-1.1858079854650165,-1.2526090803766832,-1.180888374748016,-0.548551941506396,-0.6508261959352263,0.06822367980972129,-1.1510757289528775,,-16.475908963148207
62,R. Odur,0.811559644911175,-0.610783148191499,-0.5916270454563669,-0.5904870665140556,-0.5844170221307522,0.09302451468914413,0.03881144678900521,-0.44318592373237936,-0.598487398278548,-0.47436835333939015,1.0005497876744303,-0.16737495278959885,-0.13004506763107074,0.23181881212472205,-0.0243860217808884,0.16214275960721344,-0.01565036600196144,0.06822367980972129,-0.6253318738316687,-0.8046499756248496,-3.254663569697618
63,F. Carbone,0.20507674859432085,1.3994330347752506,1.4058808392247322,1.4110283938777124,1.415419655462381,-0.44204025739430447,-0.5591723259601066,-0.3780953816621603,-0.1702120123544496,0.2533392564461395,1.1880401983377469,0.37724823895898807,-0.45769562833815725,0.538941824366392,0.3225646841092499,-0.19320459094959128,-0.41263525971025194,-0.33038658424707795,-0.4150343317831851,0.7462183889627455,11.809429781432751
64,L. Dahl,-1.210050009478339,-0.6080152085247635,-0.7247484915670276,-0.6404411721512543,-0.6361726297289182,-0.1528160562681162,-0.17475418633567746,0.5837981844866346,0.7199289858407354,0.5350325247502157,0.9255536234091035,-0.04169267777069423,-1.0401855140396448,1.2043750175566772,1.0560580683334462,-0.548551941506396,-0.05534885537279052,-0.41010863705843775,0.6364533784592327,-0.8100650187972923,-2.7835012315266106
65,Y. binti Omar,-0.40140614772253336,0.9185035176799351,0.9241733383500738,0.8381205999203573,0.8309263269870935,0.23763661525223811,0.39475416866347657,0.6633532914613471,0.8206996648816999,0.3861375115037756,0.13809389862317403,0.41914233063195605,-0.057233831918384756,-0.48480154977250817,-0.8386261919104471,0.291359977991506,0.5401284851896452,-0.808718901115237,0.21585829436226553,-0.8051914799420938,4.222909919117339
66,J. Mercier,-1.0078890440393875,1.3980490649418824,1.3969603299492759,1.4110283938777124,1.4112792068545277,0.20871419513961925,0.15271311778883614,-0.327469404496434,-0.41374115337011347,-0.3435821930553552,0.17559198075583737,-0.04169267777069423,0.4888504359267597,0.3341931495386122,0.050630347060222465,-0.1285959817574449,-0.13474583411444857,-0.7289968483038771,-0.5201831028074269,-0.12831108338675382,6.505605797462699
67,C. V?tols,-0.19924518228358196,1.3966650951085144,1.4045084531823546,1.4110514000669834,1.4161097302303565,-0.022665165761331315,-0.13204105971074118,0.25834547413553843,0.3672316091973603,0.3613216759627019,-0.08689459417280586,0.12588368892117877,0.051983021650644216,-0.024117031410003077,0.056360764124474154,0.03292554122292081,-0.13474583411444857,0.38711189105516064,-0.20473678973470158,-0.8041084713076053,11.321888432725938
68,G. Razak,0.20507674859432085,1.401508989525302,1.4072532252671104,1.4109056942016,1.406448683478699,0.6714729169415208,0.6225575106631381,0.7718375282450454,0.5771705238660361,-0.06457171778274683,-0.31188308696878575,-0.3349513194814716,0.7072841430648172,-0.38242721235861804,-0.08221113942924475,-0.03168306796922546,-0.25384130222693574,0.38711189105516064,-0.8356294158801522,1.0028914353365306,16.548642056284205
69,G. Prasetyo,0.002915783155369436,1.120563113351636,1.1293450516855768,1.1349617913549122,1.1380095987362113,0.22317540519592868,0.3093279154136033,0.20048721451756576,0.20767803404916682,-0.15042109478970242,-0.49937349763210226,0.29346005561305155,0.5252560537831027,0.027070137296941976,-0.26558448548529395,-0.06398737256529864,-0.5317307278227391,0.7060001023006,-0.4150343317831851,0.998017896481332,12.180273285713351
70,A. Mor,1.4180425412280293,-1.012826384784849,-0.9992257000426166,-1.0046444857714334,-1.0019122567559577,-0.7457256685768022,-0.6873117058349163,0.14986123735184015,0.5351827409323007,0.6664893832921174,0.21309006288850071,1.592176897475066,-1.440647310459417,-1.5085449239114082,-1.1824512157655391,-0.7423777690828348,-1.0081126002726877,-0.1709424786243582,-0.8356294158801522,,-15.531018105190238
71,H. Nakimera,0.40723771403327225,0.9226554271800385,0.9276043034560184,0.9278294006179243,0.9323673178794987,0.35332629570271357,0.23813937103870902,0.05584156547263473,-0.002260880619508882,-0.18999229200384668,0.13809389862317403,0.2515659639400833,-0.057233831918384756,-0.1776785375308381,-0.1655626603638126,0.38827289177972557,0.4210330170771582,-0.0912204258129984,-0.7304806448559105,0.5464032958996092,10.191882379190519
72,L. Nalukenge,-0.6035671131614848,0.9247313819300902,0.9207423732441288,0.9277910569691391,0.9220161963598655,-0.051587585873950174,-0.11780335083576232,0.251113191683292,0.24126826039615495,0.17687965504931888,0.21309006288850071,0.3353541472860198,0.4524448180704167,-0.48480154977250817,-0.3385170663030407,0.19444706420328664,-0.29353979159776483,-0.8884409539265967,-0.09958801871045979,-0.8089820101628038,3.7461015354716833
73,Q. Ghoe,-1.210050009478339,-1.0135183697015329,-0.9957947349366717,-1.0046904981499754,-1.0019122567559577,2.565891434318054,2.58736133541022,1.9073058732477581,0.7703143253612177,-0.8097174822728139,-0.04939651204014251,-0.7957863278841221,0.7072841430648172,-1.5085449239114082,-1.1845350037889033,0.6467073285483107,0.6195254639313034,0.46683394386652044,0.21585829436226553,-0.8100650187972923,0.10307100439330819
74,I. Agwang,-0.19924518228358196,-1.0827168613699236,-1.1337195321956552,-1.1081646687613853,-1.1040433224163384,0.8160850175046147,0.7791723082879056,0.9598768720034568,0.5855680804527829,-0.30937658190414563,-1.2118370581527051,2.136800089223653,-1.4042416926030743,-0.9454860681350132,-1.1845350037889033,-0.8715949874671276,-0.37293677033942285,0.46683394386652044,0.11070952333802374,,-5.072851894740319
75,R. Aguilar,-1.4122109749172904,-0.9540076668667169,-0.9251168537542076,-0.9356565928773221,-0.9398055276381585,0.4834771862094984,0.49441813078832864,0.7139792686270727,0.46800228823832435,-0.1396899226638331,-0.5743696618974289,-1.424197702978645,1.1077459394845897,0.027070137296941976,0.12043724584292295,-0.8392906828710543,-1.0081126002726877,-0.6492747954925172,-0.5201831028074269,,-6.90678588854961
76,M. Krli?evi?,0.40723771403327225,0.7821824890932055,0.7793866108792006,0.755290649814833,0.7488074295980033,-0.774648088689421,-0.7015494147098952,-0.7975677638924614,-0.7076556339062593,-0.07396149339288177,0.6630670484804605,-0.04169267777069423,-0.3484787747691285,0.692503330487227,0.2537996793382315,-0.6454648552946154,-0.5714292171935682,0.30738983824380084,0.531304607434991,1.8979980717413123,6.313039099051225
77,E. Namakoye,0.811559644911175,-0.9443198780331422,-0.9923637698307269,-0.9479572354075748,-0.9515367986937429,0.020718464407596976,0.024573737914026342,0.7284438335315662,0.40082183554434847,0.0890181832687617,-0.5743696618974289,0.4610364223049243,-0.6033180997635291,0.180631643417777,0.5512604196734701,-0.6131605506985423,-0.5714292171935682,-0.9681630067379566,-0.6253318738316687,,-4.523885907114234
78,R. Yiga,0.6093986794722237,0.9226554271800385,0.9241733383500738,0.8679672961346615,0.869570513993724,0.17979177502700072,0.2950902065386245,0.07030613037712757,-0.019055993793002952,-0.17255413729930924,0.47557663781714393,0.37724823895898807,-0.38488439262547125,0.027070137296941976,-0.16973023641054089,0.25905567339543284,0.2622390595938419,0.46683394386652044,-0.4150343317831851,-0.8051914799420938,9.281052972297477
79,L. Namuyanja,-0.19924518228358196,-1.0183622641183203,-1.0060876302545063,-1.0046981668797323,-1.0095030792036888,0.7871625973919959,0.836123143787821,0.9671091544557032,1.1230117020045929,0.5323497317187479,0.40058047355181725,0.6286127889967973,-0.49410124619450024,-1.5597320926183533,-1.1855768978005854,2.2942268629480416,2.0486710812811495,-0.2506645314357181,2.423982485871343,-0.8041084713076053,7.019500919822833
80,E. Kyomukama,-1.210050009478339,0.9205794724299868,0.915939022095806,0.9278217318881671,0.9330573926474741,0.006257254351287546,0.05304915566398408,0.6054950318433744,0.6779412029070001,0.2788257902450794,-0.011898429907479163,-0.3349513194814716,-0.020828214062041765,-0.33124004365167314,-0.17546065347479256,-0.2578132001417376,-0.29353979159776483,0.30738983824380084,0.3210070653865073,0.9963933835295995,8.615949358873536
81,E. Mapuranga,0.811559644911175,1.1254070077684233,1.1348345958550883,1.134877435327585,1.1283485519845535,0.1653305649706913,0.03881144678900521,0.7067469861748262,0.7199289858407354,0.2929104536602838,0.10059581649051068,-0.2930572278085035,0.4524448180704167,-0.33124004365167314,-0.10669564870377415,0.25905567339543284,0.1034451021105257,-0.41010863705843775,1.1621972335804416,0.5442372786306322,17.479260076675875
82,B. Fernandez,1.0137206103501264,0.917811532763251,0.9255457243924516,0.910950526422733,0.9102849253042812,-0.10943242609918791,-0.14627876858572006,-0.06710723621555735,0.03132934572747926,0.13462566480370777,-0.08689459417280586,0.7961891556886701,-0.42129001048181425,0.180631643417777,-0.3458103243848154,0.03292554122292081,-0.25384130222693574,-0.4898306898697976,-0.3098855607589433,0.2734851200084961,7.794257754612635
83,W. Mandizvidza,-0.19924518228358196,-0.953315681950033,-0.9930499628519158,-0.9877579428464852,-0.9888008361644223,-1.815855212743699,-1.6554759093334783,-1.8390164370159685,-0.9763774446821643,0.8710523519415058,0.2880862271538274,1.6340709891480345,-1.0765911318959878,2.4328670665233574,2.2948700482234594,-0.7100734644867618,-0.8096201534185424,-0.9681630067379566,-1.1510757289528775,,-7.603471412373691
84,K. Tsui,-0.19924518228358196,1.124715022851739,1.1320898237703325,1.1349694600846694,1.1400798230401379,0.121946934801763,-0.003901679835931391,0.6271918792001143,0.6107607502130241,0.313031401396289,-0.011898429907479163,-0.3349513194814716,0.161199875219673,0.48775465565944703,0.5095846592061863,-0.32242180933388387,0.22254057022301285,-0.0912204258129984,-0.5201831028074269,0.10291126007655033,6.204954166280167
85,F. Nabunya,0.20507674859432085,0.08466169307582724,0.02731905965608648,0.06508963422392636,0.060802885926383735,0.19425298508331015,0.2096639532887513,0.6054950318433744,0.6107607502130241,0.24596157560960424,0.7755612948784505,-0.209269044462567,-0.2392619212000995,-0.48480154977250817,-0.02699075681009368,0.3559685871836524,0.22254057022301285,-0.011498373001638564,0.6364533784592327,-0.8051914799420938,5.045190046139912
86,M. Zhou,0.811559644911175,-0.12431775176271259,-0.10511619343338521,-0.14196606921549146,-0.14138902109045143,-0.6155747780700174,-0.7015494147098952,-0.9639102602941327,-0.7832336431869826,-0.024329822310735397,1.2630363626030736,-0.4187395028274081,-0.6033180997635291,1.6138723672122375,1.1013804578416173,-0.354726113929957,-0.17444432348527766,0.46683394386652044,-0.20473678973470158,-0.8051914799420938,-1.811720974644295
87,S. Achen,0.811559644911175,-1.0813328915365559,-1.061669264970813,-1.0736400473953016,-1.0792006307692188,0.7871625973919959,0.8076477260378634,2.1965971713376216,1.467311522061221,0.2929104536602838,-1.5493197973466752,0.9637655223805429,0.19760549307601596,-0.9454860681350132,-1.179846480736334,-0.7100734644867618,-1.0478110896435167,-0.011498373001638564,-0.7304806448559105,,-5.891597244042039
88,L. Msowoya,0.002915783155369436,0.9897779640983776,0.9879892893206481,0.9968786433500916,0.9924038226933712,-0.6155747780700174,-0.5449346170851277,-0.6095284201340506,-0.4473313797171016,0.22181643832639777,0.4380785556844806,0.37724823895898807,-0.8945630426142728,0.999626342728897,1.0966919347890478,-0.2901175047378107,-0.6111277065643972,-0.5695527426811574,-0.20473678973470158,1.3624503019867273,7.3568206675075185
89,I. Bitton,-0.19924518228358196,1.126098992685107,1.1293450516855768,1.095766913566806,1.0952249631217275,0.5268608163784267,0.2523770799136879,0.2728100390400319,0.14049758135519053,-0.11621548363849382,-0.3868792512341123,0.20967187226711503,0.12479425736333,-0.4336143810655631,-0.41249154113246955,0.19444706420328664,0.3813345277063291,-0.6492747954925172,0.11070952333802374,-0.12722807475226527,8.669979946051269
90,P. Galli,0.6093986794722237,-1.1574512323717856,-1.2071421854628754,-1.1726280110988572,-1.1668401263021133,0.3244038755900947,0.3235656242885822,-0.4504182061846258,0.5939656370395301,2.217143755480269,-1.324331304550695,-1.2985154279597406,-1.6954866354538178,-1.6109192613252983,,4.652441098461381,5.7803290821390805,-0.6492747954925172,0.42615583641074906,-0.7997764367696512,2.394619965909933
91,Q. Nakyeyune,0.6093986794722237,0.2908731982476315,0.30111007511048643,0.22695351320525195,0.22987120408039252,1.365610999644373,1.334442954412081,1.9145381557000045,1.4841066352347148,-0.06121822649341182,-0.6493658261627555,-0.5025276861733445,1.4718021180480196,-0.8431117307211231,-0.47500518183339535,0.16214275960721344,0.3019375489646709,0.22766778543244096,0.7416021494834744,0.5485693131685863,17.358796876855067
92,J. Ojok,1.4180425412280293,-1.0225141736184238,-1.0699035812250808,-1.0283945418289102,-1.0302053222429552,4.359081481300422,4.31012410928266,3.577963119716718,1.8535991250515844,-1.1437252146905044,-0.949350483224062,-1.0471508779219314,1.5082077359043626,-1.2526090803766832,-1.1777626927129698,-0.7423777690828348,-0.9287156215310296,0.22766778543244096,-0.20473678973470158,,5.657239749726131
93,U. Ndagire,-0.19924518228358196,-0.47100219502134993,-0.5230077433374697,-0.48707424574070185,-0.4829760312383468,1.0185419582929467,1.249016701162208,1.4589043612084702,1.4841066352347148,0.11450471706770159,-1.5118217152140119,0.7542950640157019,0.6708785252084742,-0.38242721235861804,-0.6594204219011266,0.45288150097187174,1.135605825752081,-0.1709424786243582,0.21585829436226553,-0.7997764367696512,5.733799841574439
94,B. Harahap,1.215881575789078,1.0582844708500845,1.06003955654549,1.0658742049739596,1.0683120471706813,-0.36973420711275734,-0.3598444017104027,-0.15389462564251635,-0.07783888990023238,0.02530184877141098,1.8255075945930235,-0.586315869519281,-0.8581574247579299,0.027070137296941976,0.23556653413379472,-0.2255088955456644,-0.5714292171935682,0.22766778543244096,0.42615583641074906,1.9050376278654877,13.875951376901579
95,S. Feldman,-1.0078890440393875,-1.1512233681216304,-1.1350919182380332,-1.1426816213977118,-1.1468279580308223,0.6859341269978302,0.7364591816629688,-0.07433951866780376,-0.6404751812122832,-1.147749404237705,-1.174338976020042,3.2260464727208267,-1.2586192211777025,-1.1502347429627933,-1.1824512157655391,-0.7423777690828348,-0.8096201534185424,-0.9681630067379566,-0.940778186904394,,-22.04884300926711
96,I. Nassiwa,-2.0186938712341447,-1.1629871117052566,-1.1316609531320883,-1.1426586152084408,-1.137166911279165,-0.601113568013708,-0.6445985792099798,1.4806012085652103,1.9711649172660424,1.085675794458897,2.275484580184983,-0.8376804195570903,-1.47705292831576,-1.5085449239114082,-1.1860978448064265,-0.8392906828710543,-0.8493186427893715,-0.2506645314357181,0.6364533784592327,,-7.338149704535246
97,T. Obong,0.40723771403327225,1.053440576433297,1.0648429076938128,1.065912548622745,1.0586510004190235,0.15086935491438186,0.12423770003887841,0.17155808470857942,0.24126826039615495,-0.03975588224167316,0.4380785556844806,0.7961891556886701,-1.0037798961833018,-0.6383630558933432,-0.5484587096569832,-0.354726113929957,0.1034451021105257,-0.011498373001638564,0.6364533784592327,0.2740266243257403,9.979257865243795
98,E. Kaddu,0.002915783155369436,0.5732030442546656,0.5783320556708313,0.5827595677414991,0.5852597095877988,0.04964088452021584,0.05304915566398408,-0.009248976597584998,-0.010658437206256104,0.05950745992262055,0.025599652225184184,0.12588368892117877,0.23401111093235896,0.43656748695250197,0.4178979861781617,0.2267513687993598,0.3019375489646709,-0.33038658424707795,-0.940778186904394,-0.8100650187972923,4.3043585994755915
99,P. Wan,1.4180425412280293,-0.6723698057763668,-0.6561291894481303,-0.659559315435494,-0.6603252466080622,0.3244038755900947,0.2523770799136879,-0.11773321338128327,-0.16181445576770276,-0.386506881558833,-0.349381169101449,-0.2930572278085035,0.5616616716394457,-0.22886570623778302,-0.5265789354116591,0.3559685871836524,0.18284208085218376,0.14794573262108116,-0.7304806448559105,1.9066621408172204,-0.5857961630915645
100,E. Tushemereirwe,0.40723771403327225,1.0617443954335037,1.0538638193547896,1.0658511987846888,1.059341075186999,-0.7601868786331116,-0.9720658833344934,-1.1591818865047903,-1.0351603407893935,-0.14840900001610277,0.6630670484804605,0.12588368892117877,-0.7853461890452439,1.2043750175566772,1.1847319787761852,-0.6777691598906885,0.024048123368867642,0.14794573262108116,0.21585829436226553,-0.8073574972110709,3.7369425029101477
101,G. Aloyo,-1.210050009478339,-1.1526073379549981,-1.1350919182380332,-1.1426586152084408,-1.1426875094229691,0.6280892867725925,0.7079837639130113,-0.0598749537633106,-0.6572702943857773,-1.1437252146905044,-1.5118217152140119,-0.7119981445381856,2.1271032394621927,-1.0990475742558483,-1.1761998516954466,-0.3870304185260302,-0.8493186427893715,-0.7289968483038771,-1.1510757289528775,,-11.796278487270229
102,B. Koskinen,-0.6035671131614848,-1.1629871117052566,-1.140581462407545,-1.1426356090191698,-1.148898182334749,-0.7601868786331116,-0.5734100348350855,3.621356814430196,4.498829449876898,1.4719979909902017,2.275484580184983,-1.2566213362867724,-1.1129967497523305,-1.0478604055489031,-1.179846480736334,-0.8715949874671276,-0.9684141109018586,-0.7289968483038771,-0.4150343317831851,,-2.245962807394511
103,F. Yaakv,-1.210050009478339,1.0527485915166128,1.0634705216514353,1.065927886082259,1.0621013742589016,0.29548145547747584,0.23813937103870902,0.511475359964169,0.32524382626362497,0.0883474850108945,0.21309006288850071,0.3353541472860198,-0.1664506854874135,-0.5871758871863981,-0.3859232438345761,-0.06398737256529864,0.1034451021105257,-0.0912204258129984,0.7416021494834744,0.7451353803282569,5.336755088995835
104,B. K?l?ç,-1.816532905795193,-1.160911156955205,-1.141267655428734,-1.1426892901274688,-1.1392371355830913,-2.0327733635883405,-2.068369466707865,-2.2295596894372838,-1.3710626042592746,2.2117781694173346,-0.8743543189587354,3.1422582893748903,-1.440647310459417,3.610171946783093,4.028060736656627,-0.9685079012553469,-0.49203223845191,0.30738983824380084,-1.1510757289528775,,-5.7293617854849925
105,F. Jansen,0.002915783155369436,-1.1643710815386248,-1.1309747601108995,-1.1426509464786838,-1.1482081075667734,-0.601113568013708,-0.7727379590847896,2.869199439396553,3.5415079989877367,1.376088140115242,-1.174338976020042,3.3517287477397315,-1.1494023676086735,-0.6895502246002883,-1.1850559507947445,-0.7100734644867618,-1.0081126002726877,0.14794573262108116,-0.09958801871045979,,-0.6867921832714226
106,K. Kanyesigye,1.822364472105932,1.261036051438469,1.2604079187326702,1.273006595710948,1.2705039541875163,1.4668394700385388,1.3629183721620388,1.1045225210483878,0.45120717506483066,-0.6353359352274335,-0.2743850048361224,-0.6701040528652175,1.034934703771904,-0.8942988994280682,-0.8922837335120751,-0.5162476369103227,-0.2141428128561067,-0.9681630067379566,0.7416021494834744,-0.8051914799420938,7.1791908214293105
107,L. Foo,0.20507674859432085,-1.0854848010366593,-1.062355457992002,-1.0736323786655446,-1.071609808321488,2.9418828957820993,2.7297384241600087,0.28727460394452475,-0.9595823315086702,-2.265132701843873,-1.4368255509486851,-1.172833152940836,1.9086695323241352,-1.6109192613252983,-1.178283639718811,0.7759245469326034,1.135605825752081,0.46683394386652044,0.21585829436226553,-0.8089820101628038,-6.1175525574922265
108,X. Dahan,0.20507674859432085,1.261036051438469,1.269328428008127,1.2729069022241066,1.2774047018672718,0.8883910677861622,0.8218854349128419,0.6995147037225798,0.1488951379419374,-0.595094039755423,-1.1368408938873786,0.00020141390227402446,0.9257178502028752,-0.075304200116948,-0.45937677165816393,-0.2901175047378107,-0.452333749081081,0.38711189105516064,0.005560752313781983,-0.8046499756248496,10.698627898216504
109,N. Busingye,-1.0078890440393875,0.2894892284142637,0.3059134262588093,0.3066469528401568,0.3071595780936538,-0.1528160562681162,-0.17475418633567746,-0.3057725571396944,-0.31297047432914904,-0.08200987248728425,1.300534444735737,-0.04169267777069423,-0.42129001048181425,0.23181881212472205,0.2439016862272515,-0.6131605506985423,-0.452333749081081,-0.2506645314357181,0.21585829436226553,-0.8057329842593381,-2.8395285425392744
110,R. Owere,0.6093986794722237,-0.11324599309577008,-0.10237142134862938,-0.10744911657916481,-0.11309595560345403,-1.0060274495903716,-1.0717298454593454,-1.144717321600297,-0.7580409734267415,0.6557582111662481,1.2255382804704102,-1.0471508779219314,-0.13004506763107074,1.306749354970567,1.4238466544572261,-0.03168306796922546,0.4607315064479872,0.06822367980972129,-0.4150343317831851,-0.8068159928938267,-2.1943220962172596
111,J. Vásquez,0.40723771403327225,0.8541489204283318,0.8596711943583102,0.8411114045255933,0.8419675232747021,-0.6734196182952551,-0.6018854525850431,-0.5733670078728176,-0.31297047432914904,0.23120621393653368,0.5505728020824704,0.042095505575242276,-0.5669124819071861,-0.024117031410003077,-0.31351161002267036,0.03292554122292081,0.024048123368867642,-0.0912204258129984,-0.20473678973470158,0.9963933835295995,4.63847486873204
112,A. Amongin,0.40723771403327225,-1.1636790966219406,-1.2092007645264422,-1.1940621107697156,-1.1882324441093552,2.6092750644869827,3.5555255389087823,1.8349830487252927,0.5099900711720597,-1.1450666112062378,-1.4368255509486851,-1.2985154279597406,-1.1858079854650165,-1.1502347429627933,,-0.7423777690828348,-0.6905246853060554,0.46683394386652044,0.005560752313781983,,-6.0302421109042506
113,N. Tkachuk,2.833169299300689,-0.6751377454431026,-0.6554429964269414,-0.65962066527355,-0.6644656952159156,-1.121717130040847,-1.199869225334155,-1.4412409021424069,-0.7916311997737296,1.0266543477666148,2.1254922516543298,-0.6701040528652175,-1.513458546172103,0.6413161617802822,0.7773514202084852,0.711315937740457,0.3813345277063291,0.9451662607346795,0.42615583641074906,0.9974763921640878,2.94548855355747
114,V. Razak,1.6202035066669807,-0.8100748041964643,-0.8002297238978145,-0.7976271259808005,-0.8045508731149514,-0.051587585873950174,0.010336029039047475,0.1787903671608265,0.0817146852479611,0.14736893170317772,-1.2868332224180319,2.1786941808966214,-0.8581574247579299,0.12944447471083195,-0.30621835194089564,-0.2255088955456644,-0.17444432348527766,-0.6492747954925172,-0.20473678973470158,-0.8089820101628038,-6.863347502352713
115,U. Mvula,0.20507674859432085,0.711600027591447,0.7114535017814921,0.7208197095570485,0.7253448874868348,0.19425298508331015,0.3093279154136033,0.7573729633405525,0.7367240990142295,0.28016718676081287,0.25058814502116405,-0.7119981445381856,0.34322796450138776,0.027070137296941976,-0.4401017324420451,-0.03168306796922546,0.22254057022301285,-0.011498373001638564,0.6364533784592327,0.7397203371558143,12.752918478660224
116,D. Chiba,-1.6143719403562418,-0.9546996517834009,-0.9306063979237194,-0.935595243039266,-0.931524630422452,1.3511497895880633,1.291729827787144,0.3234360162057582,-0.3213680309158962,-1.1370182321118356,-0.9118524010913986,0.00020141390227402446,1.4718021180480196,-0.6895502246002883,-1.180888374748016,0.45288150097187174,0.024048123368867642,0.22766778543244096,0.531304607434991,-0.8106065231145365,-4.743860467367622
117,Q. Martínez,-1.0078890440393875,-0.953315681950033,-0.9312925909449083,-0.935587574309509,-0.9294544061185254,-0.09497121604287848,0.0815245734139418,0.8369280703152651,0.8626874478154348,0.2989467379810847,1.7130133481950334,-1.005256786248963,-0.2392619212000995,0.23181881212472205,0.11887440482539993,-0.6131605506985423,-0.41263525971025194,-0.41010863705843775,0.7416021494834744,,-2.6475381241671805
118,Y. Nanyondo,-0.40140614772253336,1.1198711284349516,1.1231693144948758,1.1349387851656414,1.1290386267525294,0.006257254351287546,0.19542624441377243,0.8224635054107716,0.7703143253612177,0.3935151923403109,-0.4243773333667757,0.4610364223049243,0.23401111093235896,0.23181881212472205,-0.26662637949697604,0.09753415041506709,-0.0950473447436195,0.14794573262108116,-0.09958801871045979,-0.8073574972110709,11.545875767744155
119,A. Kova?evi?,0.002915783155369436,-0.18313646968084465,-0.3150912579172109,-0.2446273544726577,-0.24075978767893008,-0.008203955705021885,0.05304915566398408,-0.3925599465666531,-0.6404751812122832,-0.5883870571767544,1.1505421162050835,-0.7538922362111538,-0.45769562833815725,-0.8431117307211231,-0.3812347207820067,-0.5162476369103227,-0.13474583411444857,-0.1709424786243582,0.7416021494834744,1.8979980717413123,-4.050007999725404
120,H. Okafor,-0.6035671131614848,0.4963927185027518,0.5124575256366901,0.44159359037435797,0.4458646064567385,-0.601113568013708,-0.5022214904601914,-1.0579299321733384,-0.858811652467706,-0.212125334513453,0.7380632127457871,0.6286127889967973,-0.6033180997635291,0.692503330487227,0.6981674753206457,0.12983845501114027,-0.13474583411444857,0.38711189105516064,0.005560752313781983,1.001808426702042,3.2082834978705224
121,Y. Acola,1.0137206103501264,1.3385383621070666,1.3290272208515674,1.341956144956274,1.3388213562170954,-0.008203955705021885,-0.04661480646086799,0.6054950318433744,0.6443509765600123,0.26943601463494354,0.7005651306131239,0.37724823895898807,-0.5669124819071861,-0.2800528749447281,-0.20202895077268593,-0.4193347231221034,-0.13474583411444857,-0.6492747954925172,0.531304607434991,0.2734851200084961,14.913560784033
122,K. Huang,2.2266864029838347,-1.160911156955205,-1.1385228833439782,-1.142781314884553,-1.1482081075667734,-2.2352303043766724,-2.182271137707696,-2.157236864914818,-1.4298455003665038,2.216473057222402,-1.2493351402853685,3.435516931085668,-1.4042416926030743,3.661359115490038,4.031707365697515,-0.3870304185260302,-0.452333749081081,-0.5695527426811574,0.21585829436226553,,-1.7397996929023747
123,Y. Larsen,-0.40140614772253336,1.2001413787702853,1.2013953189104185,1.2015570405648346,1.2090872998376927,0.09302451468914413,-0.018139388710910257,0.026912435663648402,0.09850979842145517,0.3995514766611118,-0.2743850048361224,0.00020141390227402446,0.5616616716394457,-0.075304200116948,0.014685003657190237,0.48518580556794494,0.9371133788979358,-0.4898306898697976,0.21585829436226553,-0.8073574972110709,11.15692380615653
124,G. Oluka,0.811559644911175,-1.0917126652868143,-1.0692173882038918,-1.0736477161250586,-1.077820481233268,1.3945334197569919,1.5622462964117423,-0.3708630992099135,-1.3542674910857806,-2.574995296978357,0.5505728020824704,-0.6701040528652175,0.5252560537831027,-1.2526090803766832,-1.1819302687596982,-0.8392906828710543,-0.9287156215310296,0.5465559966778804,-0.7304806448559105,,-8.824930275759316
125,B. Awio,-2.0186938712341447,-1.1567592474551016,-1.2078283784840642,-1.2093688953647184,-1.2123850609884994,-2.1195406239261967,-2.2249842643326327,-2.880465110139476,-2.2276133761074717,,-1.324331304550695,-1.0471508779219314,-1.47705292831576,-0.7919245620141782,,-0.7423777690828348,-0.41263525971025194,-0.5695527426811574,-0.8356294158801522,,-23.458293688189272
126,K. Järvinen,-0.8057280786004362,-1.1519153530383144,-1.141267655428734,-1.142719965046497,-1.1433775841909448,0.758240177279377,0.7934100171628842,-0.6818512446565165,-0.6572702943857773,-0.016952141474200114,-1.0618447296220521,-1.3404095196327088,1.9450751501804782,-0.9966732368419583,-1.1850559507947445,2.326531167544115,3.6763091454851407,-0.011498373001638564,-0.4150343317831851,-0.8073574972110709,-3.0593902980567833
127,H. Saeed,-1.0078890440393875,-1.1629871117052566,-1.1302885670897105,-1.1426356090191698,-1.1461378832628468,-2.0761569937572686,-2.01141863120795,-2.1861659947238046,-1.4046528306062627,2.215802358964535,2.725461565776943,-0.9633626945759949,-1.6590810175974748,4.531540983508103,4.029623577674151,-0.6777691598906885,-0.5317307278227391,-0.33038658424707795,-0.3098855607589433,,-8.476239848761688
128,C. Hamed,-1.0078890440393875,1.3385383621070666,1.3400063091905914,1.341956144956274,1.3388213562170954,0.10748572474545356,-0.07509022421082573,0.3089714513012647,0.4260145053045894,0.2996174362389519,0.4380785556844806,-0.16737495278959885,-0.09363944977472775,-0.38242721235861804,-0.34112180133224596,-0.09629167716137182,-0.05534885537279052,0.5465559966778804,-0.940778186904394,0.3931575741194801,9.438484025198335
129,D. Kateregga,-1.6143719403562418,-0.9463958327831938,-0.9244306607330186,-0.9571136987374513,-0.9536070229976694,0.0785633046328347,0.3235656242885822,-0.4359536412801326,-0.7496434168399945,-0.8915426697325692,-0.949350483224062,2.3043764559155258,-0.676129335476215,-1.1502347429627933,-1.1834931097772212,-0.6131605506985423,-1.0478110896435167,-0.2506645314357181,0.6364533784592327,,-10.000943963382163
130,G. Daud,0.20507674859432085,-1.153991307788366,-1.2009664482721747,-1.1902737582697498,-1.1937530422531595,-2.0038509434757215,-2.2534596820825903,-0.4721150535413657,0.49319495799856566,2.213119565933068,-0.949350483224062,-1.424197702978645,-1.7318922533101606,-1.2014219116697382,,-1.0008122058514202,-0.8096201534185424,-0.0912204258129984,0.42615583641074906,,-13.339378263011993
131,V. Ssali,0.20507674859432085,1.1226390681016878,1.1293450516855768,1.134823754219286,1.1380095987362113,-0.2540445266622819,-0.2459427307105718,-0.2696111448784614,-0.14501934259420868,0.28352067805014786,-0.08689459417280586,0.08398959724821052,0.015577403794301224,-0.48480154977250817,-0.10513280768625095,-0.06398737256529864,0.22254057022301285,-0.7289968483038771,0.005560752313781983,-0.8078990015283153,4.297506608183916
132,H. Tuhaise,-1.0078890440393875,-0.8813492506149067,-0.8564975516353103,-0.8666150188749118,-0.8652774526967996,-0.09497121604287848,-0.03237709758588912,0.8079989405062787,0.8626874478154348,0.4109533470448483,0.40058047355181725,-0.3349513194814716,-0.2028563033437565,0.538941824366392,0.9008158605928136,-0.8715949874671276,-0.8890171321602005,-0.6492747954925172,-0.8356294158801522,,-8.932645382875451
133,P. Solanki,-0.6035671131614848,0.22098272166255706,0.1638714708726919,0.1816850014495896,0.18639649369793318,0.04964088452021584,-0.06085251533584685,-0.08157180112005051,0.2244731472226609,0.06420234772768803,0.32558430928649057,-0.5444217778463127,-0.3484787747691285,0.07825730600388703,-0.1447247801301707,-0.09629167716137182,-0.13474583411444857,-0.1709424786243582,0.42615583641074906,-0.8041084713076053,-2.1369114094326296
134,G. Boadi,1.822364472105932,-0.3270693323510973,-0.31234648583245506,-0.327556998065023,-0.3325397318196777,-0.06604879593025961,-0.13204105971074118,0.14262895489959374,0.13210002476844332,0.10444424319969944,0.47557663781714393,-0.4606335945003763,-0.2392619212000995,0.9484391740219522,0.8242366507341795,-0.09629167716137182,-0.3332382809685938,-0.41010863705843775,-0.3098855607589433,0.994227366260622,4.19399089690098
135,W. Lotfi,-0.6035671131614848,-0.6017873442746083,-0.5813341501385323,-0.5905867600008967,-0.5947681436503854,0.17979177502700072,0.2096639532887513,0.00521558830690849,-0.027453550379750176,0.03938651218661531,0.10059581649051068,0.2515659639400833,0.5252560537831027,0.2830059808316671,0.5496975786559468,0.3236642825875792,0.14314359148135478,0.46683394386652044,-1.2562244999771193,-0.8062744885765823,-3.968350019426638
136,J. Turyasingura,1.822364472105932,0.7738786700929985,0.7787004178580115,0.7898076024511598,0.7853813923007074,-0.18173847638073473,-0.17475418633567746,-0.18282375545150267,-0.11142911624722053,0.13999125086664244,1.1505421162050835,-0.7538922362111538,-0.3484787747691285,0.692503330487227,0.4324845023417111,0.3236642825875792,0.5004299958188161,0.46683394386652044,-0.20473678973470158,-0.8030254626731168,17.68710953753746
137,A. White,-0.19924518228358196,-1.0252821132851593,-1.067158809140325,-1.0537090187568183,-1.0522877148181726,-0.28296694677490075,-0.16051647746069891,0.8947863299332371,0.7115314292539883,0.539056714297416,0.3630823914191539,-1.172833152940836,-0.057233831918384756,0.999626342728897,1.4233257074513852,-0.7100734644867618,-0.7302231746768842,-0.0912204258129984,0.531304607434991,,-2.1400367898364534
138,L. Namaganda,-0.19924518228358196,0.9918539188484293,0.9879892893206481,0.996050420536334,0.9986144956051511,-0.051587585873950174,-0.04661480646086799,0.5476367722254017,0.7199289858407354,0.5672260411278237,-0.3868792512341123,0.7542950640157019,0.12479425736333,0.2830059808316671,0.12460482188965144,0.291359977991506,-0.05534885537279052,0.06822367980972129,0.11070952333802374,-0.8073574972110709,12.038520100615502
139,R. Martín,1.822364472105932,-0.9540076668667169,-0.9258030467753965,-0.9556489713538614,-0.9563673220695716,2.2477448130792475,1.9609021449111506,0.7935343756017853,-0.46412649289059565,-1.668881950600246,-1.2868332224180319,0.41914233063195605,1.9086695323241352,-1.2014219116697382,-1.180367427742175,-0.6131605506985423,-0.9287156215310296,-0.2506645314357181,0.21585829436226553,,-2.0177827530351506
140,G. Caputo,-1.210050009478339,1.2617280363551528,1.2665836559233712,1.2023852633785923,1.1966659540141327,-0.022665165761331315,0.010336029039047475,-0.2768434273307081,-0.37175337043637846,-0.2463309456646621,0.13809389862317403,0.08398959724821052,0.23401111093235896,0.538941824366392,-0.028032650821775754,-0.03168306796922546,0.2622390595938419,0.7857221551119599,-1.0459269579286357,0.28160768476716014,8.058037347924676
141,D. Sorrentino,0.40723771403327225,-0.9498557573666134,-1.065786423097947,-1.0031950958473572,-1.0026023315239332,-0.08051000598656904,-0.2459427307105718,-0.551670160516078,-0.22899490846167866,-0.47369765508152345,-0.9118524010913986,0.3353541472860198,-0.1664506854874135,2.0233697168677973,4.025456001627423,0.4205771963757987,-1.0081126002726877,3.097661686641395,-0.20473678973470158,4.607144170914405,14.046786177135274
142,E. bin Mohamed,-1.0078890440393875,-1.093788620036866,-1.1371504973016002,-1.1082796997077404,-1.1012830233444364,-1.0783334998719187,-1.214106934209134,0.026912435663648402,0.6107607502130241,1.0964069665847664,1.6380171839297066,-1.382303611305677,-1.5498641640284458,-0.6895502246002883,-1.180888374748016,-0.6777691598906885,-0.6905246853060554,0.06822367980972129,0.7416021494834744,,-19.459616745411825
143,J. Koval,1.6202035066669807,1.3399223319404345,1.3303996068939457,1.2729375771431346,1.2794749261711986,-0.9626438194214435,-0.7015494147098952,-0.7758709165357218,-0.46412649289059565,0.35662678815763355,1.67551526606237,-0.08358676944366236,-1.3314304568903883,0.43656748695250197,0.7908960423603524,-0.354726113929957,-0.17444432348527766,-0.1709424786243582,0.42615583641074906,0.9963933835295995,13.011543932715204
144,A. Berkowitz,1.215881575789078,-1.160219172038521,-1.2002802552509855,-1.1771832365745245,-1.1799515468936486,0.8305462275609244,0.7934100171628842,-1.4557054670469,-0.6488727377990302,2.2050711868386657,-1.0618447296220521,-1.0890449695948996,-1.47705292831576,-1.0478604055489031,,5.621570236343576,7.3682686569722415,-0.0912204258129984,0.3210070653865073,-0.7997764367696512,11.933485309572006
145,M. Nyamahunge,0.811559644911175,-1.1505313832049464,-1.1350919182380332,-1.1426969588572258,-1.1392371355830913,-0.7601868786331116,-0.7585002502098107,-0.7324772218222424,-0.6320776246255362,-0.027012615342203207,-1.2493351402853685,3.435516931085668,-1.6590810175974748,-1.3549834177905733,-1.1855768978005854,-0.4193347231221034,-0.8096201534185424,-0.4898306898697976,-0.940778186904394,,-22.678551274616396
146,A. Whang,-1.0078890440393875,-0.8848091751983261,-0.8564975516353103,-0.8666763687129678,-0.8707980508406038,-0.42757904733799507,-0.4167952372103182,-0.21898516771273543,0.05652201548772018,0.44650035471179134,0.5880708842151338,0.9637655223805429,-1.0401855140396448,0.3853803182455569,-0.13899436306591903,-0.09629167716137182,-0.2141428128561067,-0.8884409539265967,-1.0459269579286357,-0.8041084713076053,-7.337881297932781
147,V. Guillaume,1.0137206103501264,0.9932378886817969,0.9893616753630261,0.9968786433500916,0.9903335983894446,0.6425504968289019,0.7506968905379479,0.04860928302038767,-0.3801509270231253,-0.6004596258183577,-0.9868485653567254,0.5867186973238291,0.088388639506987,-0.024117031410003077,-0.04105632596780197,-0.03168306796922546,0.6989224426729616,-0.4898306898697976,-0.7304806448559105,-0.8014009497213839,7.426782076066341
148,X. Arnaud,-0.19924518228358196,0.9835500998482224,0.9859307102570811,0.9967942873227643,1.0013747946770533,-0.051587585873950174,-0.07509022421082573,-0.28407570978295454,-0.21219979528818458,0.10578563971543288,0.25058814502116405,0.5448246056508608,-0.2028563033437565,0.3853803182455569,0.27932608262444275,0.06522984581899399,0.14314359148135478,-0.4898306898697976,0.8467509205077163,-0.20628770506992894,4.867505845447663
149,G. Chandiga,2.631008333861738,-1.0847928161199754,-1.0719621602886478,-1.0737550783416567,-1.0798907055371945,-0.051587585873950174,-0.10356564196078345,-0.8192646112492014,-1.0603530105496346,-1.1363475338539686,0.40058047355181725,-1.214727244613804,0.7436897609211602,1.9209953794539072,1.4238466544572261,-0.354726113929957,-0.5317307278227391,0.06822367980972129,-0.20473678973470158,,-2.5990957378206447
150,I. Friedrich,-0.40140614772253336,-0.9484717875332457,-0.9340373630296642,-0.9357026052558641,-0.9329047799584032,1.4089946298133011,1.519533169786806,-0.18282375545150267,-1.0183652276158994,-1.8090578864944167,-1.4368255509486851,-0.209269044462567,1.5810189716170482,-0.8431117307211231,-1.1855768978005854,0.0006212366268476302,0.6195254639313034,-0.6492747954925172,-0.5201831028074269,-0.8106065231145365,-7.687923726633663
151,K. Kravchenko,-0.40140614772253336,0.9814741450981705,0.9934788334901599,0.9968863120798488,1.0006847199090778,0.4256323459842607,0.4232295864134343,-0.023713541502077842,-0.27098269139541403,-0.39321386413750153,-0.08689459417280586,-0.586315869519281,0.5252560537831027,0.43656748695250197,0.1240838748838103,0.09753415041506709,0.024048123368867642,0.46683394386652044,1.1621972335804416,1.5958386627190086,14.982437528189319
152,E. Kantono,-2.0186938712341447,-1.1560672625384176,-1.142640041471112,-1.1426969588572258,-1.148898182334749,0.613628076716283,0.7222214727879902,2.0808806521016763,2.7689327930070102,1.2473140746048073,-1.324331304550695,-0.8795745112300585,2.0178863858931635,-1.0478604055489031,-1.1840140567830624,5.944613282304307,2.9220378474393884,8.279595119379787,-0.940778186904394,1.9028716105965107,16.514426533378163
153,Q. König,-0.8057280786004362,-0.8820412355315905,-0.8667904469531449,-0.8666303563344258,-0.8632072283928728,0.266559035364857,0.19542624441377243,0.5476367722254017,0.48479740141181843,-0.01829353798993354,-0.8368562368260721,-0.4606335945003763,0.4160392002140737,0.43656748695250197,-0.14368288611848845,-0.3870304185260302,-0.8890171321602005,-0.5695527426811574,0.6364533784592327,,-9.211968751146143
154,C. Shevchenko,0.6093986794722237,0.5074644771696943,0.5110851395943122,0.5136566439010326,0.5093514851104889,0.09302451468914413,0.06728686453896295,0.37406199337148377,0.2664609301563959,0.05816606340688712,-0.31188308696878575,0.4610364223049243,0.23401111093235896,-0.9454860681350132,-0.7646517170810183,-0.03168306796922546,0.14314359148135478,0.46683394386652044,-0.5201831028074269,-0.8078990015283153,2.8663916310119975
155,F. Dauda,1.215881575789078,-0.3263773474344134,-0.3164636439595889,-0.31455083239712467,-0.3194283112281424,-0.22512210654966303,-0.21746731296061406,-0.4576504886368725,-0.4557289363038484,-0.13365363834303123,-1.1368408938873786,1.0056596140535112,0.30682234664504476,-0.22886570623778302,-0.7834058092912961,0.0006212366268476302,0.18284208085218376,-0.5695527426811574,0.7416021494834744,-0.8100650187972923,-8.5252313557742
156,W. Abeja,0.002915783155369436,0.917811532763251,0.9152528290746169,0.9277833882393822,0.931677243111523,-0.572191147901089,-0.6873117058349163,-0.5805992903250643,-0.24579002163517272,0.3036416257861531,1.5255229375317167,-0.7119981445381856,-0.7853461890452439,0.6413161617802822,0.6710782310169114,-0.6131605506985423,-0.5714292171935682,-0.41010863705843775,-0.6253318738316687,-0.8062744885765823,0.45491693164147207
157,G. Kyobutungi,0.6093986794722237,-0.7401843276113896,-0.7185727543763268,-0.7285548770593622,-0.7327830972454945,-1.0060274495903716,-0.9293527567095569,-0.6890835271087629,-0.2625851348086668,0.9387928759860577,0.2880862271538274,0.5448246056508608,-0.49410124619450024,1.2555621862636224,1.0576209093509692,0.45288150097187174,0.22254057022301285,-0.5695527426811574,-0.7304806448559105,-0.8046499756248496,-6.072441957587807
158,B. Brandt,-0.19924518228358196,0.7129839974248148,0.7224325901205156,0.7207967033677777,0.723274663182908,-0.4998850976195422,-0.44527065496027596,-0.9132842831284068,-0.7748360866002356,-0.028354011857936633,-0.2743850048361224,0.00020141390227402446,0.088388639506987,1.102000680142787,0.6830600121512553,0.12983845501114027,-0.2141428128561067,0.7857221551119599,-0.5201831028074269,-0.0308403062827848,3.536545533379999
159,V. Awio,-0.40140614772253336,-0.5353567922729532,-0.5230077433374697,-0.5215221798092154,-0.520930143477002,-0.326350576943829,-0.44527065496027596,-0.754174069178982,-0.6152825114520422,-0.24431885089106148,0.17559198075583737,0.00020141390227402446,0.051983021650644216,0.9484391740219522,0.8982111255636085,-0.3870304185260302,-0.13474583411444857,-1.0478850595493165,-0.4150343317831851,-0.8019424540386282,-5.599831052162658
160,F. De Groot,-1.210050009478339,0.29225716808099933,0.310030584385943,0.30666229029967085,0.30577942855770246,-0.03712637581764075,-0.10356564196078345,0.077538412829374,0.06491957207446702,0.028655340060745025,-0.46187541549943895,-0.209269044462567,0.7800953787775032,0.3341931495386122,9.848749364081938e-05,-0.4193347231221034,-0.01565036600196144,0.38711189105516064,0.531304607434991,-0.8100650187972923,0.15170971544868317
161,J. Martin,1.0137206103501264,-0.11601393276250564,-0.11197812364527504,-0.10741844166013678,-0.10343490885179647,-0.1672772663244253,-0.3740821105853816,-0.7252449393699959,-0.598487398278548,-0.19804067109824913,-1.0618447296220521,1.2151300724183525,-0.057233831918384756,-0.024117031410003077,0.12043724584292295,0.2267513687993598,0.06374661273969662,0.22766778543244096,-0.6253318738316687,-0.8089820101628038,-4.424067147876653
162,I. Ajiko,-0.6035671131614848,1.3987410498585662,1.4003912950552206,1.4110360626074692,1.4098990573185768,-0.6734196182952551,-0.815451085709726,-0.9639102602941327,-0.7328483036665004,-0.1309708453115644,0.5130747199498072,0.3353541472860198,-0.6397237176198721,0.3853803182455569,0.7320290307003138,-0.4516390277181765,-0.0950473447436195,-0.33038658424707795,-0.09958801871045979,0.5501938261203191,5.199095175327961
163,E. Lungu,-1.0078890440393875,-0.6744457605264185,-0.6533844173633745,-0.65962066527355,-0.6534244989283068,-0.13835484621180677,-0.27441814846052953,0.7212115510793198,0.4092193921310953,0.419672424397118,-1.0618447296220521,0.6286127889967973,0.6344729073521317,-0.12649136882389306,-0.5286627234350234,-0.2578132001417376,-0.3332382809685938,-0.7289968483038771,2.213684943822859,,-2.0717105243192298
164,K. Nkhoma,-0.8057280786004362,-1.1532993228716821,-1.1371504973016002,-1.1426432777489268,-1.1454478084948712,0.8305462275609244,0.7791723082879056,0.012447870759154912,-0.5648971719315601,-1.139701025143303,-1.4368255509486851,-1.0890449695948996,1.9450751501804782,-1.4573577552044634,-1.180888374748016,-0.9362035966592738,-0.8493186427893715,-0.41010863705843775,-0.6253318738316687,,-23.013410052277465
165,R. Martino,0.20507674859432085,0.7787225645097859,0.7828175759851452,0.7897462526131037,0.7964225885883162,-0.09497121604287848,-0.03237709758588912,0.04860928302038767,0.006136675967237967,-0.11084989757555914,-0.08689459417280586,0.8799773390346066,-0.3120731569127855,-0.5359887184794532,-0.6463967467551004,-0.2578132001417376,-0.13474583411444857,-0.6492747954925172,0.11070952333802374,-0.8019424540386282,1.4697816806782473
166,Y. Ruggiero,0.002915783155369436,1.401508989525302,1.4093118043306774,1.4110437313372264,1.4036883844067967,-1.1361783400971566,-1.0859675543343243,-0.840961458605941,-0.22899490846167866,0.9441584620489923,1.4880248553990534,0.042095505575242276,-1.1129967497523305,1.0508135114358421,1.151391370402358,0.12983845501114027,0.3813345277063291,-0.41010863705843775,-0.5201831028074269,0.3958650957057015,11.75319944984547
167,L. Sakurai,0.6093986794722237,-0.9546996517834009,-1.0054014372333173,-0.9816306277706299,-0.9798298641807403,-0.9626438194214435,-0.730024832459853,-1.744996765136763,-1.6817721979689146,-1.8197890586202865,-1.2868332224180319,-0.08358676944366236,0.8529066144901892,-0.6895502246002883,-1.180888374748016,-0.48394333231424963,-0.452333749081081,-0.8884409539265967,0.3210070653865073,,-28.28610504351671
168,M. Murmu,0.002915783155369436,1.193221529603446,1.189730037550206,1.180866807680407,1.1828644586546222,-0.022665165761331315,-0.07509022421082573,-0.21898516771273543,-0.32976558750264306,-0.1946871798089151,-0.949350483224062,0.00020141390227402446,0.5252560537831027,0.3341931495386122,0.15273596020506802,-0.19320459094959128,-0.5714292171935682,-0.808718901115237,0.11070952333802374,0.5480278088513418,6.113652017567127
169,F. K?rkli?š,0.002915783155369436,-1.0882527407033948,-1.065100230076758,-1.0737013972333576,-1.0688495092495855,0.7437789672230679,0.7079837639130113,-0.07433951866780376,-0.5564996153448128,-1.1383596286275692,-1.1368408938873786,-0.6701040528652175,2.5639706537383087,-0.9966732368419583,-1.177241745707129,-0.8069863782749812,-0.452333749081081,-0.9681630067379566,-0.5201831028074269,,-17.54995927615331
170,G. Leung,0.6093986794722237,1.270723840272044,1.272073200092883,1.2729299084133774,1.2760245523313205,-0.36973420711275734,-0.5876477437100642,-0.6746189622042698,-0.27098269139541403,0.20907317142692783,0.40058047355181725,0.6286127889967973,-0.42129001048181425,0.3341931495386122,0.2636976724492113,-0.1285959817574449,0.22254057022301285,0.7857221551119599,0.8467509205077163,-0.12614506611777676,13.626612839216726
171,S. Nuwagira,-0.19924518228358196,1.3973570800251987,1.4017636810975986,1.4109287003908713,1.4161097302303565,-1.121717130040847,-1.2425823519590917,-0.6022961376818039,-0.10303155966047331,0.8710523519415058,1.1130440340724201,0.1677777805941468,-0.8217518069015869,1.0508135114358421,1.2852747509035074,-0.2901175047378107,-0.6111277065643972,-0.33038658424707795,0.6364533784592327,2.8115158549323995,16.47966978001282
172,L. Antwi,-1.0078890440393875,0.23343845016286738,0.1034864850080624,0.15403156194579185,0.16017365251486224,0.17979177502700072,0.18118853553879388,-0.3419339694009272,-0.3213680309158962,-0.026341917084336017,-0.2743850048361224,0.37724823895898807,-0.42129001048181425,0.6413161617802822,0.19284887965482872,0.48518580556794494,0.2622390595938419,0.22766778543244096,0.8467509205077163,-0.028132784696563495,3.2480531004767483
173,Z. Fabre,-0.6035671131614848,0.08396970815914348,0.10005551990211749,0.04361719090428303,0.042170867191044015,-0.10943242609918791,0.05304915566398408,-0.551670160516078,-0.7832336431869826,-0.6930159854039823,0.32558430928649057,0.042095505575242276,-0.020828214062041765,0.07825730600388703,-0.0816901924234038,-0.2901175047378107,-0.6111277065643972,0.46683394386652044,0.005560752313781983,-0.8062744885765823,-6.619526351730914
174,W. Kong,0.002915783155369436,-0.6702938510263151,-0.662304926638831,-0.659605327814036,-0.6630855456799645,-0.572191147901089,-0.6018854525850431,-0.9566779778418864,-0.7580409734267415,-0.342911494797488,0.5880708842151338,-0.7119981445381856,0.6344729073521317,-0.22886570623778302,0.1225210338662873,-0.3870304185260302,-0.25384130222693574,0.30738983824380084,0.6364533784592327,-0.8068159928938267,-11.967448873684397
175,X. Hosseinzadeh,0.002915783155369436,0.8423851768447053,0.8548678432099873,0.8588645139130843,0.8592193924740908,0.20871419513961925,0.0815245734139418,0.337900581110251,0.2664609301563959,0.17017267247064982,-0.7993581546934089,0.29346005561305155,0.19760549307601596,-0.4336143810655631,-0.309864980981783,0.3236642825875792,0.3416360383355,1.1046103663573992,-0.09958801871045979,1.2259912140411706,6.327567576447597
176,N. Mucunguzi,0.20507674859432085,1.0548245462666646,1.0593533635243013,1.0658358613251748,1.0634815237948523,-1.0060274495903716,-0.9720658833344934,-0.6890835271087629,-0.23739246504842587,0.6014316522790333,1.0380478698070936,-0.7119981445381856,-0.9309686604706158,0.692503330487227,1.1925461838638007,-0.2901175047378107,-0.29353979159776483,0.06822367980972129,0.8467509205077163,1.0012669223847976,9.516298352436547
177,U. Nishimura,0.6093986794722237,-0.886193145031694,-0.8599285167412551,-0.8667147123617529,-0.8673476770007261,-0.6878808283515645,-0.6303608703350009,-0.9277488480328999,-0.7496434168399945,-0.17859042162011016,1.300534444735737,-1.2985154279597406,0.34322796450138776,1.3579365236775123,0.90394154262786,-0.7423777690828348,-0.6508261959352263,-0.7289968483038771,0.6364533784592327,,-9.847264288245448
178,G. Alali,-0.19924518228358196,1.0589764557667682,0.9866169032782702,1.0566947354548122,1.0545105518111706,-0.3118893668875196,-0.30289356621048724,-0.2334497326172286,0.03132934572747926,0.24596157560960424,-0.31188308696878575,0.29346005561305155,0.161199875219673,0.027070137296941976,0.4507176475461477,-0.1609002863535181,-0.0950473447436195,0.46683394386652044,-0.4150343317831851,1.5162375280841003,10.63853171485323
179,I. Kisitu,-0.8057280786004362,-1.019746233951688,-0.9923637698307269,-1.0046214795821622,-1.0081229296677376,-0.6155747780700174,-0.6873117058349163,-1.2604338408362425,-1.177918802764093,0.28754486759734815,0.06309773435784753,0.042095505575242276,-0.3120731569127855,0.794877667901117,0.5496975786559468,0.2267513687993598,0.2622390595938419,0.38711189105516064,0.531304607434991,-0.809523514480048,-13.097396019119996
180,M. Sseguya,1.6202035066669807,-1.0183622641183203,-0.9964809279578608,-1.0683026114844187,-1.0626388363378056,1.2354601091375879,1.291729827787144,0.251113191683292,-1.0351603407893935,-1.5213283338695391,-1.5118217152140119,3.1422582893748903,0.5252560537831027,-0.7407373933072331,-1.1777626927129698,-0.48394333231424963,-0.8890171321602005,0.38711189105516064,0.3210070653865073,,-5.462831290782675
181,C. Ismail,-1.0078890440393875,-1.1616031418718888,-1.1330333391744662,-1.1573365639633684,-1.1544187804785535,-2.018312153532031,-2.054131757832886,-2.0487526281311195,-1.2618943686315633,2.2124488676752008,-1.5493197973466752,-0.7957863278841221,3.5105167180032253,-1.5085449239114082,-1.1761998516954466,-0.9685079012553469,-0.9684141109018586,-0.808718901115237,0.7416021494834744,,-28.616591713206912
182,M. Ategeka,0.002915783155369436,1.3994330347752506,1.3297134138727562,1.3565497376838744,1.360903748792313,0.006257254351287546,0.0815245734139418,-0.15389462564251635,-0.38854848360987215,-0.33419241744521927,-0.08689459417280586,-0.08358676944366236,0.4160392002140737,0.027070137296941976,0.08657569046325488,-0.7100734644867618,-0.41263525971025194,-0.7289968483038771,0.7416021494834744,-0.8100650187972923,6.199394483780558
183,C. Musana,-1.0078890440393875,1.3316185129402274,1.3324581859575122,1.3419024638479746,1.3415816552889976,-0.7023420384078739,-0.4595083638352548,-0.8337291761536946,-0.7580409734267415,-0.04713356307820844,-0.23688692270345904,0.12588368892117877,-0.2392619212000995,0.538941824366392,0.0855337964515728,-0.06398737256529864,-0.17444432348527766,-0.5695527426811574,0.21585829436226553,0.09641320826961901,2.6348303776585746
184,O. Herrmann,-1.0078890440393875,-1.1588352022051533,-1.1385228833439782,-1.142727633776254,-1.147518032798798,0.7003953370541396,0.6367952195381169,-0.6818512446565165,-1.3458699344990335,-2.2584257192652046,-1.2118370581527051,-1.3404095196327088,2.3455369466002507,-1.3037962490836283,-1.1860978448064265,-0.6777691598906885,-0.6508261959352263,-0.5695527426811574,-0.8356294158801522,,-13.97483037745451
185,O. Nabunya,0.6093986794722237,-0.5284369431061142,-0.5127148480196351,-0.5216218732960566,-0.5154095453331975,-0.572191147901089,-0.5164591993351703,0.33066829865800457,0.4260145053045894,0.7275229247580003,0.7005651306131239,-0.6282099611922491,0.19760549307601596,0.538941824366392,0.3840364307984936,-0.2578132001417376,-0.17444432348527766,1.2640544719801188,-0.8356294158801522,1.9061206364999763,4.043995875672518
186,G. Taruvinga,0.20507674859432085,0.7074481180913434,0.7196878180357599,0.7208273782868057,0.7198242893430302,0.0785633046328347,-0.11780335083576232,0.2945068863967718,0.2748584867431427,0.15675870731331362,-0.3868792512341123,0.37724823895898807,0.088388639506987,-0.33124004365167314,-0.4401017324420451,0.06522984581899399,0.3019375489646709,0.9451662607346795,-0.4150343317831851,0.9985594007985765,9.926045924546882
187,"K. Jao,",0.40723771403327225,0.01961511090754016,0.028691445698464397,0.03065703761492681,0.03665026904723952,-0.10943242609918791,-0.17475418633567746,-0.7397095042744891,-0.606884954865295,-0.3087058836462789,0.7380632127457871,-0.37684541115443987,-0.1664506854874135,0.8972520053150072,0.5507394726676291,0.0006212366268476302,0.6195254639313034,0.46683394386652044,-1.1510757289528775,0.27727565022920586,0.8786075637361697
188,Y. Draru,1.822364472105932,0.15247621491085014,0.1714195941057706,0.16860981721387827,0.16914462449854453,-0.3118893668875196,-0.3456066928354239,-0.38532766411440666,-0.27098269139541403,0.17218476724425044,0.5505728020824704,0.2515659639400833,-0.42129001048181425,0.3853803182455569,0.6377376226430843,0.291359977991506,0.4210330170771582,-0.4898306898697976,0.6364533784592327,0.2783586588636946,7.767468227595272
189,O. Noor,1.215881575789078,-1.1616031418718888,-1.142640041471112,-1.142719965046497,-1.137166911279165,2.2332836030229375,2.0320906892860444,1.4010461015904976,1.156601928351581,-0.016952141474200114,-0.949350483224062,2.765211464318176,-1.2586192211777025,-1.0990475742558483,-1.1824512157655391,2.714182822696993,3.0411333155518756,-0.1709424786243582,0.21585829436226553,-0.8008594454041397,13.425874350749872
190,A. Khainza,-1.4122109749172904,1.3323104978569111,1.3386339231482132,1.3418871263884606,1.3353709823772175,-0.7891092987457305,-0.5306969082101488,-0.5010441833503521,-0.23739246504842587,0.28284997979228066,0.9255536234091035,-0.5025276861733445,-1.0401855140396448,0.692503330487227,0.7830818372727367,-0.03168306796922546,-0.2141428128561067,0.46683394386652044,1.0570484625561998,1.0012669223847976,10.596695436458798
191,Y. Tsua,-1.0078890440393875,-0.9519317121166652,-0.9326649769872862,-0.935618249228537,-0.9384253781022074,2.9418828957820993,2.9433040572846916,1.668640552323621,0.03972690231422611,-1.54882696244208,-1.5493197973466752,-1.424197702978645,2.3455369466002507,-0.8431117307211231,-1.1767207987012878,-0.4193347231221034,-0.41263525971025194,0.14794573262108116,0.6364533784592327,,-1.4171858701110471
192,F. Ithungu,0.002915783155369436,0.9814741450981705,0.988675482341837,0.9968479684310636,0.9951641217652734,-0.3986566272253762,-0.4167952372103182,0.4608493827984428,0.6863387594937473,0.6638065902606506,-0.2743850048361224,0.042095505575242276,0.015577403794301224,0.692503330487227,0.6153369013919192,-0.48394333231424963,-0.49203223845191,-0.1709424786243582,0.21585829436226553,-0.8003179410868954,8.640741618412559
193,S. Marchetti,-0.40140614772253336,-1.0903286954534466,-1.065100230076758,-1.0737627470714137,-1.07437010739339,0.714856547110449,0.7791723082879056,-0.7180126569177492,-1.3458699344990335,-2.2637913053281395,-1.0243466474893888,-1.4660917946516134,1.9086695323241352,-0.9966732368419583,-1.1855768978005854,-0.4193347231221034,-0.49203223845191,-0.5695527426811574,-0.8356294158801522,,-12.619181133658847
194,L. Werner,-0.19924518228358196,1.3288505732734919,1.3338305719998902,1.3419408074967598,1.342271730056973,0.8594686476735434,0.7791723082879056,1.5601563155399227,1.425323739127486,0.24327878257813643,-0.7243619904280821,0.5029305139778926,0.6708785252084742,-0.4336143810655631,-0.33955896031472277,0.48518580556794494,-0.25384130222693574,0.7060001023006,0.42615583641074906,0.3958650957057015,11.450687538886582
195,X. Tumushabe,0.6093986794722237,-1.153991307788366,-1.1371504973016002,-1.14271229631674,-1.144757733726896,0.6425504968289019,0.6083198017881593,2.1893648888853745,1.9039844645720663,0.2862034710816147,2.4629749908483,-1.3404095196327088,-1.7318922533101606,-1.2014219116697382,-1.1793255337304929,-0.548551941506396,-0.6508261959352263,-0.011498373001638564,0.42615583641074906,,-2.1135849340325734
196,T. Kamugisha,-0.40140614772253336,1.2589600966884174,1.2624664977962372,1.2729145709538634,1.266363505579663,-1.0783334998719187,-1.1144429720842821,-1.2748984057407355,-0.850414095880959,0.5377153177816826,1.6380171839297066,-0.6282099611922491,-0.8945630426142728,1.3579365236775123,1.5650232930401504,0.3559685871836524,0.024048123368867642,0.6262780494892403,-1.0459269579286357,-0.12614506611777676,7.50270320067126
197,C. Baba,1.215881575789078,-1.1553752776217336,-1.1371504973016002,-1.1426739526679548,-1.1364768365111892,2.2622060231355565,2.0320906892860444,-0.7831031989879683,-1.438243056953251,-2.2637913053281395,2.5754692372462897,-0.7119981445381856,-1.47705292831576,-1.3037962490836283,-1.181409321753857,5.944613282304307,3.0808318049227044,8.439039225002507,0.21585829436226553,1.9050376278654877,13.939956990850973
198,M. Bahri,-0.6035671131614848,-1.1629871117052566,-1.1302885670897105,-1.1426662839381978,-1.1419974346549935,-0.6444971981826362,-0.7157871235848741,-1.4267763372379136,-1.4298455003665038,-1.1363475338539686,2.500473072980963,-1.005256786248963,-1.1858079854650165,-0.8942988994280682,-1.1829721627713803,-0.7100734644867618,-0.41263525971025194,0.30738983824380084,0.7416021494834744,,-24.752679402355483
199,A. Omar,1.0137206103501264,-1.0204382188683718,-0.9964809279578608,-1.0046368170416764,-0.9991519576840555,-1.0638722898156094,-1.299533187459007,-0.04541038885881743,0.5015925145853125,1.0970776648426337,1.6380171839297066,-1.005256786248963,-0.3120731569127855,0.23181881212472205,0.5491766316501059,-0.4193347231221034,-0.5317307278227391,-0.5695527426811574,-0.7304806448559105,,-4.966549151846451
200,F. Akumu,-1.6143719403562418,1.2015253486036532,1.2013953189104185,1.2039036718704814,1.2021865521579371,-0.09497121604287848,0.05304915566398408,0.7935343756017853,0.9298679005094111,0.5397274125552831,0.8130593770111139,-0.12548086111663062,0.088388639506987,0.43656748695250197,0.45123859455198884,0.16214275960721344,0.18284208085218376,0.46683394386652044,-0.4150343317831851,-0.20899522665615033,7.267409042266376
201,B. Ampofo,0.811559644911175,-1.1629871117052566,-1.1323471461532775,-1.1426662839381978,-1.1406172851190424,-0.774648088689421,-0.616123161460022,0.6561210090091006,1.0810239190708577,0.8676988606521716,-1.5493197973466752,2.8908937393370806,-1.6954866354538178,-1.2526090803766832,-1.180888374748016,-0.8392906828710543,-0.49203223845191,-0.9681630067379566,-0.7304806448559105,,-8.370362364926855
202,N. Irawan,-0.8057280786004362,1.3288505732734919,1.337261537105835,1.3418947951182179,1.3408915805210222,0.613628076716283,0.7791723082879056,0.39575884072822365,0.10690735500820239,-0.5468037651890096,-0.2743850048361224,0.37724823895898807,0.12479425736333,-0.6383630558933432,-0.20098705676100387,-0.4193347231221034,-0.05534885537279052,-0.4898306898697976,0.7416021494834744,0.2805246761326716,5.33775315905304
203,G. Leitner,-0.40140614772253336,0.7738786700929985,0.791051892239413,0.7898076024511598,0.7922821399804627,0.6425504968289019,0.6937460550380324,0.14986123735184015,-0.16181445576770276,-0.4347971561252464,-0.31188308696878575,0.2515659639400833,0.161199875219673,-0.38242721235861804,-0.4666700297399386,0.38827289177972557,0.3416360383355,-0.5695527426811574,-0.4150343317831851,-0.028674289013807756,2.6035934110968144
204,U. Nyeko,0.20507674859432085,-0.7443362371114932,-0.7206313334398938,-0.749283453592575,-0.7527952655167854,0.35332629570271357,0.49441813078832864,-0.09603636602454367,-0.11142911624722053,-0.11152059583342538,0.13809389862317403,-0.16737495278959885,-0.020828214062041765,-0.5871758871863981,-0.43958078543620405,0.5820987193561644,1.254701293864568,-1.0478850595493165,-0.20473678973470158,-0.8041084713076053,-3.5300074409025335
205,Z. Nyamahunge,2.0245254375448836,-1.0218221887017398,-1.0692173882038918,-1.0529191395918458,-1.0536678643541237,1.0908480085744943,0.9357871059126729,3.0066128059892376,2.7605352364202633,0.45320733729046037,-0.9118524010913986,0.6286127889967973,0.4888504359267597,0.8972520053150072,1.4233257074513852,-0.5808562461024691,-0.8096201534185424,0.30738983824380084,-1.1510757289528775,,12.73183119449775
206,E. Miyazaki,0.811559644911175,1.3371543922736986,1.3358891510634572,1.3412582905483856,1.345722103896851,-0.022665165761331315,-0.18899189521065635,-0.11773321338128327,-0.027453550379750176,0.10243214842609882,-0.04939651204014251,0.29346005561305155,-0.2028563033437565,0.43656748695250197,0.22775232904617906,-0.19320459094959128,0.5004299958188161,-0.6492747954925172,0.11070952333802374,-0.1256035618005324,12.531511067057355
207,M. Asiimwe,1.0137206103501264,-1.0889447256200788,-1.137836690322789,-1.1419914357195804,-1.1364768365111892,-0.846954138970968,-0.7869756679597684,0.012447870759154912,0.23287070380940775,0.539056714297416,-1.2493351402853685,-0.7957863278841221,1.9814807680368212,-1.1502347429627933,-1.1829721627713803,-0.6777691598906885,-0.6111277065643972,0.06822367980972129,-0.6253318738316687,,-8.583936262232147
